unique_id,ds,LGBMRegressor,y
aguas_claras,2023-12-18,3.077227028642388,3.0
aguas_claras,2023-12-19,2.6155718300061976,3.0
aguas_claras,2023-12-20,2.595277797523817,2.0
aguas_claras,2023-12-21,2.503406672357126,3.0
aguas_claras,2023-12-22,2.626866298386051,2.0
aguas_claras,2023-12-23,2.3692167890938127,3.0
aguas_claras,2023-12-24,2.4499296340253616,0.0
aguas_claras,2023-12-25,3.1402332763401164,2.0
aguas_claras,2023-12-26,2.9588087022750256,6.0
aguas_claras,2023-12-27,2.934163144700269,3.0
aguas_claras,2023-12-28,2.8502499819802294,3.0
aguas_claras,2023-12-29,3.0005529899322294,0.0
aguas_claras,2023-12-30,2.7374817702340426,3.0
aguas_claras,2023-12-31,2.3686304801294025,1.0
aguas_claras,2024-01-01,3.293885255018537,1.0
aguas_claras,2024-01-02,3.03907876952476,1.0
aguas_claras,2024-01-03,2.93946015967634,1.0
aguas_claras,2024-01-04,2.862665766988167,5.0
aguas_claras,2024-01-05,3.131103735090432,4.0
aguas_claras,2024-01-06,2.8764847515516467,1.0
aguas_claras,2024-01-07,2.576104064467422,2.0
aguas_claras,2024-01-08,4.34497836538591,7.0
aguas_claras,2024-01-09,3.876151352130536,6.0
aguas_claras,2024-01-10,3.672130581691754,3.0
aguas_claras,2024-01-11,3.668710539522054,3.0
aguas_claras,2024-01-12,3.9475454079785606,3.0
aguas_claras,2024-01-13,3.504145241594391,5.0
aguas_claras,2024-01-14,3.0654503590791173,2.0
aguas_claras,2024-01-15,4.669311911176858,5.0
aguas_claras,2024-01-16,4.306867298205996,4.0
aguas_claras,2024-01-17,3.983241493626972,8.0
aguas_claras,2024-01-18,3.900290435396208,8.0
aguas_claras,2024-01-19,4.210791723409935,4.0
aguas_claras,2024-01-20,3.7920254183365945,4.0
aguas_claras,2024-01-21,3.293413743386153,3.0
aguas_claras,2024-01-22,4.805805768264252,6.0
aguas_claras,2024-01-23,4.3141437661610285,2.0
aguas_claras,2024-01-24,3.925493769335735,10.0
aguas_claras,2024-01-25,3.9211730787140073,5.0
aguas_claras,2024-01-26,4.1549624478805915,6.0
aguas_claras,2024-01-27,3.628538292995731,4.0
aguas_claras,2024-01-28,3.179857522355926,1.0
aguas_claras,2024-01-29,4.831227103524306,8.0
aguas_claras,2024-01-30,4.292687962792914,9.0
aguas_claras,2024-01-31,3.983241493626972,11.0
aguas_claras,2024-02-01,3.6647261662820827,13.0
aguas_claras,2024-02-02,3.8671138670376197,14.0
aguas_claras,2024-02-03,3.3916200953039004,6.0
aguas_claras,2024-02-04,2.8591695927397045,6.0
aguas_claras,2024-02-05,4.7060929559373115,12.0
aguas_claras,2024-02-06,4.142572298815545,21.0
aguas_claras,2024-02-07,3.7540862588908124,18.0
aguas_claras,2024-02-08,3.78654645786189,23.0
aguas_claras,2024-02-09,4.024239439238983,16.0
aguas_claras,2024-02-10,3.3036281554200224,13.0
aguas_claras,2024-02-11,3.032024349732921,3.0
aguas_claras,2024-02-12,4.7060929559373115,10.0
aguas_claras,2024-02-13,4.142572298815545,13.0
aguas_claras,2024-02-14,3.9104367661343136,30.0
aguas_claras,2024-02-15,3.819244261076977,31.0
aguas_claras,2024-02-16,4.024239439238983,31.0
aguas_claras,2024-02-17,3.341753715205036,18.0
aguas_claras,2024-02-18,2.897295152524718,12.0
arniqueira,2023-12-02,1.5771311832310493,0.0
arniqueira,2023-12-03,1.455931935239891,0.0
arniqueira,2023-12-04,2.0424116539449364,0.0
arniqueira,2023-12-05,1.7818970867339923,0.0
arniqueira,2023-12-06,1.8003658918292025,0.0
arniqueira,2023-12-07,1.7839951059679917,0.0
arniqueira,2023-12-08,1.8612433022930284,0.0
arniqueira,2023-12-09,1.6879018995115451,0.0
arniqueira,2023-12-10,1.4786096108242976,0.0
arniqueira,2023-12-11,2.065089329529343,0.0
arniqueira,2023-12-12,1.834301750609444,0.0
arniqueira,2023-12-13,1.8306926623375188,0.0
arniqueira,2023-12-14,1.7717219486392224,0.0
arniqueira,2023-12-15,1.8506864069549747,0.0
arniqueira,2023-12-16,1.6955509944354548,0.0
arniqueira,2023-12-17,1.4786096108242976,0.0
arniqueira,2023-12-18,2.0447453856534756,0.0
arniqueira,2023-12-19,1.8122238572423086,0.0
arniqueira,2023-12-20,1.8230435674136092,0.0
arniqueira,2023-12-21,1.7640728537153127,0.0
arniqueira,2023-12-22,1.843037312031065,1.0
arniqueira,2023-12-23,1.6674938054755788,0.0
arniqueira,2023-12-24,1.4582015167883318,0.0
arniqueira,2023-12-25,2.0370962907295658,0.0
arniqueira,2023-12-26,1.804574762318399,0.0
arniqueira,2023-12-27,1.8230435674136092,1.0
arniqueira,2023-12-28,1.7640728537153127,0.0
arniqueira,2023-12-29,1.8692156258827868,0.0
arniqueira,2023-12-30,1.6674938054755788,0.0
arniqueira,2023-12-31,1.4869486378479269,1.0
arniqueira,2024-01-01,2.03208684565263,0.0
arniqueira,2024-01-02,1.7891632985841057,0.0
arniqueira,2024-01-03,1.7583781348115748,0.0
arniqueira,2024-01-04,1.6789671252824636,0.0
arniqueira,2024-01-05,1.8921762475135284,0.0
arniqueira,2024-01-06,1.7327068086950166,0.0
arniqueira,2024-01-07,1.5112689847177205,0.0
arniqueira,2024-01-08,2.7544151535654153,0.0
arniqueira,2024-01-09,2.621669452268548,0.0
arniqueira,2024-01-10,2.5784104876060776,0.0
arniqueira,2024-01-11,2.5550981093282603,0.0
arniqueira,2024-01-12,2.878444273223189,0.0
arniqueira,2024-01-13,2.6525375936322786,0.0
arniqueira,2024-01-14,2.375185422784585,0.0
arniqueira,2024-01-15,3.2155560259108436,0.0
arniqueira,2024-01-16,2.904799877159294,0.0
arniqueira,2024-01-17,2.8051812673108745,0.0
arniqueira,2024-01-18,2.730219287071309,0.0
arniqueira,2024-01-19,2.982760581521601,0.0
arniqueira,2024-01-20,2.7243739087277814,0.0
arniqueira,2024-01-21,2.4662188764172375,0.0
arniqueira,2024-01-22,3.2124501449585114,0.0
arniqueira,2024-01-23,2.9577077710069317,0.0
arniqueira,2024-01-24,2.858089161158512,0.0
arniqueira,2024-01-25,2.7831271809189464,0.0
arniqueira,2024-01-26,2.982760581521601,0.0
arniqueira,2024-01-27,2.762499468512795,0.0
arniqueira,2024-01-28,2.428093316632224,0.0
arniqueira,2024-01-29,3.2487420658816366,0.0
arniqueira,2024-01-30,2.993999691930057,0.0
arniqueira,2024-01-31,2.894381082081637,0.0
arniqueira,2024-02-01,2.664856485489114,0.0
arniqueira,2024-02-02,2.8242493228956387,0.0
brazlandia,2023-12-18,2.0424116539449364,0.0
brazlandia,2023-12-19,1.8116240750250372,0.0
brazlandia,2023-12-20,1.8277238758321988,1.0
brazlandia,2023-12-21,1.7692897539733434,0.0
brazlandia,2023-12-22,1.8818999489741333,0.0
brazlandia,2023-12-23,1.7176584564642858,0.0
brazlandia,2023-12-24,1.4582015167883318,0.0
brazlandia,2023-12-25,2.0727384244532527,0.0
brazlandia,2023-12-26,1.8419508455333535,0.0
brazlandia,2023-12-27,1.8604196506285637,0.0
brazlandia,2023-12-28,1.7717219486392224,0.0
brazlandia,2023-12-29,1.9050842226038383,0.0
brazlandia,2023-12-30,1.7332798749779539,1.0
brazlandia,2023-12-31,1.4864076042569752,2.0
brazlandia,2024-01-01,2.129769699221346,0.0
brazlandia,2024-01-02,1.8688795937108171,0.0
brazlandia,2024-01-03,1.7874830331035987,0.0
brazlandia,2024-01-04,1.757751656412596,0.0
brazlandia,2024-01-05,1.9383481144857275,0.0
brazlandia,2024-01-06,1.8178146477544694,0.0
brazlandia,2024-01-07,1.6155214074329205,0.0
brazlandia,2024-01-08,2.810245816680882,2.0
brazlandia,2024-01-09,2.7548500560385794,1.0
brazlandia,2024-01-10,2.5784104876060776,0.0
brazlandia,2024-01-11,2.6318960644886915,0.0
brazlandia,2024-01-12,2.9742775586060284,0.0
brazlandia,2024-01-13,2.747923870766665,0.0
brazlandia,2024-01-14,2.4133109825695986,0.0
brazlandia,2024-01-15,3.1958341720339978,0.0
brazlandia,2024-01-16,2.9879689367105877,1.0
brazlandia,2024-01-17,2.9376201772195794,1.0
brazlandia,2024-01-18,2.817586689393464,1.0
brazlandia,2024-01-19,3.0752744595610872,1.0
brazlandia,2024-01-20,2.7243739087277814,0.0
brazlandia,2024-01-21,2.428093316632224,1.0
brazlandia,2024-01-22,3.2124501449585114,1.0
brazlandia,2024-01-23,2.9577077710069317,1.0
brazlandia,2024-01-24,2.894381082081637,2.0
brazlandia,2024-01-25,2.7831271809189464,3.0
brazlandia,2024-01-26,2.982760581521601,2.0
brazlandia,2024-01-27,2.762499468512795,0.0
brazlandia,2024-01-28,2.428093316632224,4.0
brazlandia,2024-01-29,3.2487420658816366,0.0
brazlandia,2024-01-30,2.9577077710069317,6.0
brazlandia,2024-01-31,2.858089161158512,1.0
brazlandia,2024-02-01,2.6303969770145965,4.0
brazlandia,2024-02-02,2.7803535432948703,5.0
brazlandia,2024-02-03,2.47624890461808,2.0
brazlandia,2024-02-04,1.9564229642570428,4.0
brazlandia,2024-02-05,2.9881454091988124,3.0
brazlandia,2024-02-06,2.781203068438938,8.0
brazlandia,2024-02-07,2.6606925102330945,4.0
brazlandia,2024-02-08,2.577489083166958,3.0
brazlandia,2024-02-09,2.727445649447232,3.0
brazlandia,2024-02-10,2.4233410107704416,6.0
brazlandia,2024-02-11,1.9564229642570428,2.0
brazlandia,2024-02-12,3.0244373301219376,5.0
brazlandia,2024-02-13,2.8174949893620633,2.0
brazlandia,2024-02-14,2.6969844311562197,3.0
brazlandia,2024-02-15,2.6119485916414757,2.0
brazlandia,2024-02-16,2.7713414290480003,2.0
brazlandia,2024-02-17,2.461466570555455,3.0
brazlandia,2024-02-18,1.9564229642570428,0.0
candangolandia,2023-12-08,1.8579187889267887,0.0
candangolandia,2023-12-09,1.644816129891172,0.0
candangolandia,2023-12-10,1.435523841203925,0.0
candangolandia,2023-12-11,2.0144186151451593,0.0
candangolandia,2023-12-12,1.7966024387286406,0.0
candangolandia,2023-12-13,1.8150712438238508,0.0
candangolandia,2023-12-14,1.7640728537153127,0.0
candangolandia,2023-12-15,1.843037312031065,0.0
candangolandia,2023-12-16,1.6674938054755788,0.0
candangolandia,2023-12-17,1.4582015167883318,0.0
candangolandia,2023-12-18,2.0370962907295658,0.0
candangolandia,2023-12-19,1.8231492174924773,0.0
candangolandia,2023-12-20,1.8230435674136092,0.0
candangolandia,2023-12-21,1.7640728537153127,0.0
candangolandia,2023-12-22,1.843037312031065,0.0
candangolandia,2023-12-23,1.6674938054755788,0.0
candangolandia,2023-12-24,1.4582015167883318,0.0
candangolandia,2023-12-25,2.0370962907295658,0.0
candangolandia,2023-12-26,1.8231492174924773,0.0
candangolandia,2023-12-27,1.8230435674136092,0.0
candangolandia,2023-12-28,1.7640728537153127,0.0
candangolandia,2023-12-29,1.843037312031065,0.0
candangolandia,2023-12-30,1.6674938054755788,1.0
candangolandia,2023-12-31,1.4582015167883318,0.0
candangolandia,2024-01-01,2.03208684565263,0.0
candangolandia,2024-01-02,1.7891632985841057,0.0
candangolandia,2024-01-03,1.7299184204968643,0.0
candangolandia,2024-01-04,1.6789671252824636,1.0
candangolandia,2024-01-05,1.9306990195618179,0.0
candangolandia,2024-01-06,1.7327068086950166,0.0
candangolandia,2024-01-07,1.541562337894319,0.0
candangolandia,2024-01-08,2.7828748678801265,0.0
candangolandia,2024-01-09,2.679417176559787,1.0
candangolandia,2024-01-10,2.5784104876060776,0.0
candangolandia,2024-01-11,2.5550981093282603,0.0
candangolandia,2024-01-12,2.8345484936224206,0.0
candangolandia,2024-01-13,2.6525375936322786,0.0
candangolandia,2024-01-14,2.4133109825695986,1.0
candangolandia,2024-01-15,3.2155560259108436,0.0
candangolandia,2024-01-16,2.904799877159294,0.0
candangolandia,2024-01-17,2.8629289916021134,0.0
candangolandia,2024-01-18,2.730219287071309,0.0
candangolandia,2024-01-19,3.0266563611223694,1.0
candangolandia,2024-01-20,2.7243739087277814,1.0
candangolandia,2024-01-21,2.4935037926026693,0.0
candangolandia,2024-01-22,3.2487420658816366,0.0
candangolandia,2024-01-23,2.9577077710069317,2.0
candangolandia,2024-01-24,2.894381082081637,0.0
candangolandia,2024-01-25,2.7831271809189464,0.0
candangolandia,2024-01-26,3.0752744595610872,0.0
candangolandia,2024-01-27,2.7243739087277814,1.0
candangolandia,2024-01-28,2.428093316632224,1.0
candangolandia,2024-01-29,3.2124501449585114,0.0
candangolandia,2024-01-30,2.993999691930057,0.0
candangolandia,2024-01-31,2.858089161158512,0.0
candangolandia,2024-02-01,2.6303969770145965,1.0
candangolandia,2024-02-02,2.8242493228956387,0.0
candangolandia,2024-02-03,2.5143744644030934,1.0
candangolandia,2024-02-04,2.0911277819372396,0.0
candangolandia,2024-02-05,3.0244373301219376,1.0
candangolandia,2024-02-06,2.8174949893620633,1.0
candangolandia,2024-02-07,2.6969844311562197,3.0
candangolandia,2024-02-08,2.6119485916414757,3.0
ceilandia,2023-12-18,2.395181291011105,1.0
ceilandia,2023-12-19,2.2478944828212137,1.0
ceilandia,2023-12-20,1.8283737617053377,5.0
ceilandia,2023-12-21,1.7422198201526866,0.0
ceilandia,2023-12-22,1.9025261624848726,1.0
ceilandia,2023-12-23,1.727593075142278,2.0
ceilandia,2023-12-24,1.4869486378479269,1.0
ceilandia,2023-12-25,2.0424761308282973,1.0
ceilandia,2023-12-26,1.8366297307196089,1.0
ceilandia,2023-12-27,1.8571499978884864,0.0
ceilandia,2023-12-28,1.7942954096679151,1.0
ceilandia,2023-12-29,1.9101752574087822,1.0
ceilandia,2023-12-30,1.7340849433554828,2.0
ceilandia,2023-12-31,1.4582015167883318,0.0
ceilandia,2024-01-01,2.110969839740103,2.0
ceilandia,2024-01-02,1.8721492464508944,3.0
ceilandia,2024-01-03,1.7874830331035987,3.0
ceilandia,2024-01-04,1.7601206607006445,7.0
ceilandia,2024-01-05,1.9906543362347926,3.0
ceilandia,2024-01-06,1.8745392134439478,2.0
ceilandia,2024-01-07,1.6155214074329205,4.0
ceilandia,2024-01-08,2.8508289679319536,4.0
ceilandia,2024-01-09,2.707972917410411,3.0
ceilandia,2024-01-10,2.653178329009154,4.0
ceilandia,2024-01-11,2.6318960644886915,0.0
ceilandia,2024-01-12,2.927062371661907,2.0
ceilandia,2024-01-13,2.8033793972539662,2.0
ceilandia,2024-01-14,2.4872700521082005,3.0
ceilandia,2024-01-15,3.237339317680672,5.0
ceilandia,2024-01-16,2.9410917980824194,4.0
ceilandia,2024-01-17,2.894381082081637,2.0
ceilandia,2024-01-18,2.8608257845314062,5.0
ceilandia,2024-01-19,3.121220607303031,4.0
ceilandia,2024-01-20,2.875215712349469,1.0
ceilandia,2024-01-21,2.4662188764172375,0.0
ceilandia,2024-01-22,3.2684639197584824,3.0
ceilandia,2024-01-23,2.9577077710069317,10.0
ceilandia,2024-01-24,2.858089161158512,5.0
ceilandia,2024-01-25,2.8644638280216324,7.0
ceilandia,2024-01-26,3.0752744595610872,4.0
ceilandia,2024-01-27,2.7243739087277814,5.0
ceilandia,2024-01-28,2.4662188764172375,1.0
ceilandia,2024-01-29,3.2487420658816366,5.0
ceilandia,2024-01-30,2.993999691930057,5.0
ceilandia,2024-01-31,2.9412582207098055,11.0
ceilandia,2024-02-01,2.7830158181872826,6.0
ceilandia,2024-02-02,2.8242493228956387,9.0
ceilandia,2024-02-03,2.47624890461808,13.0
ceilandia,2024-02-04,2.1464253636602493,9.0
ceilandia,2024-02-05,2.9881454091988124,14.0
ceilandia,2024-02-06,2.925142255659833,21.0
ceilandia,2024-02-07,2.6969844311562197,15.0
ceilandia,2024-02-08,2.577489083166958,9.0
ceilandia,2024-02-09,2.727445649447232,14.0
ceilandia,2024-02-10,2.461466570555455,12.0
ceilandia,2024-02-11,1.9564229642570428,12.0
ceilandia,2024-02-12,3.0244373301219376,15.0
ceilandia,2024-02-13,2.8174949893620633,7.0
ceilandia,2024-02-14,2.6969844311562197,23.0
ceilandia,2024-02-15,2.6119485916414757,16.0
ceilandia,2024-02-16,2.7713414290480003,19.0
ceilandia,2024-02-17,2.461466570555455,9.0
ceilandia,2024-02-18,1.9564229642570428,1.0
cruzeiro,2023-12-15,1.7906278987484927,0.0
cruzeiro,2023-12-16,1.644816129891172,0.0
cruzeiro,2023-12-17,1.455931935239891,0.0
cruzeiro,2023-12-18,2.047698422313886,0.0
cruzeiro,2023-12-19,1.8263294270196855,1.0
cruzeiro,2023-12-20,1.8504015514166055,0.0
cruzeiro,2023-12-21,1.7919674295577501,1.0
cruzeiro,2023-12-22,1.90457762455854,0.0
cruzeiro,2023-12-23,1.6955509944354548,0.0
cruzeiro,2023-12-24,1.4869486378479269,0.0
cruzeiro,2023-12-25,2.0703694201652043,0.0
cruzeiro,2023-12-26,1.8386811927932762,0.0
cruzeiro,2023-12-27,1.8604196506285637,0.0
cruzeiro,2023-12-28,1.7996165244816598,1.0
cruzeiro,2023-12-29,1.8506864069549747,0.0
cruzeiro,2023-12-30,1.6955509944354548,0.0
cruzeiro,2023-12-31,1.4869486378479269,0.0
cruzeiro,2024-01-01,2.0681956548912512,2.0
cruzeiro,2024-01-02,1.8721492464508944,0.0
cruzeiro,2024-01-03,1.737567515420774,0.0
cruzeiro,2024-01-04,1.7346993254405902,2.0
cruzeiro,2024-01-05,1.8921762475135284,0.0
cruzeiro,2024-01-06,1.8668901185200382,0.0
cruzeiro,2024-01-07,1.5112689847177205,0.0
cruzeiro,2024-01-08,2.810245816680882,0.0
cruzeiro,2024-01-09,2.6579613731916734,0.0
cruzeiro,2024-01-10,2.6361582118973166,2.0
cruzeiro,2024-01-11,2.6110134211708917,2.0
cruzeiro,2024-01-12,2.927062371661907,1.0
cruzeiro,2024-01-13,2.804648436456144,0.0
cruzeiro,2024-01-14,2.4405958987550305,3.0
cruzeiro,2024-01-15,3.1595422511108726,1.0
cruzeiro,2024-01-16,2.9843308932203616,2.0
cruzeiro,2024-01-17,2.894381082081637,3.0
cruzeiro,2024-01-18,2.839042492761578,1.0
cruzeiro,2024-01-19,3.0266563611223694,2.0
cruzeiro,2024-01-20,2.7243739087277814,3.0
cruzeiro,2024-01-21,2.4662188764172375,1.0
cruzeiro,2024-01-22,3.2487420658816366,1.0
cruzeiro,2024-01-23,2.993999691930057,1.0
cruzeiro,2024-01-24,2.915836885449751,2.0
cruzeiro,2024-01-25,2.7831271809189464,3.0
cruzeiro,2024-01-26,2.982760581521601,1.0
cruzeiro,2024-01-27,2.7243739087277814,1.0
cruzeiro,2024-01-28,2.428093316632224,0.0
cruzeiro,2024-01-29,3.2124501449585114,2.0
cruzeiro,2024-01-30,2.9577077710069317,0.0
cruzeiro,2024-01-31,2.858089161158512,0.0
cruzeiro,2024-02-01,2.6303969770145965,2.0
cruzeiro,2024-02-02,2.7803535432948703,1.0
cruzeiro,2024-02-03,2.47624890461808,3.0
cruzeiro,2024-02-04,1.9564229642570428,1.0
cruzeiro,2024-02-05,3.0244373301219376,2.0
cruzeiro,2024-02-06,2.781203068438938,3.0
cruzeiro,2024-02-07,2.6969844311562197,7.0
cruzeiro,2024-02-08,2.577489083166958,4.0
cruzeiro,2024-02-09,2.7713414290480003,2.0
cruzeiro,2024-02-10,2.461466570555455,1.0
cruzeiro,2024-02-11,1.9564229642570428,1.0
cruzeiro,2024-02-12,3.0244373301219376,3.0
cruzeiro,2024-02-13,2.8174949893620633,3.0
cruzeiro,2024-02-14,2.6969844311562197,2.0
cruzeiro,2024-02-15,2.6119485916414757,7.0
fercal,2023-11-20,2.0923610719679706,0.0
fercal,2023-11-21,1.8659915954227142,0.0
fercal,2023-11-22,1.847042434562594,0.0
fercal,2023-11-23,1.7862393084156902,0.0
fercal,2023-11-24,1.86316707600062,0.0
fercal,2023-11-25,1.7393116209492558,0.0
fercal,2023-11-26,1.4877553362873899,0.0
fercal,2023-11-27,2.119718181924932,0.0
fercal,2023-11-28,1.8730403007143286,0.0
fercal,2023-11-29,1.8773692050709103,0.0
fercal,2023-11-30,1.8212696889666298,0.0
fercal,2023-12-01,1.8506864069549747,0.0
fercal,2023-12-02,1.7237704962325966,0.0
fercal,2023-12-03,1.4786096108242976,0.0
fercal,2023-12-04,2.0447453856534756,0.0
fercal,2023-12-05,1.830798312416387,0.0
fercal,2023-12-06,1.858050646340515,0.0
fercal,2023-12-07,1.7996165244816598,0.0
fercal,2023-12-08,1.8506864069549747,0.0
fercal,2023-12-09,1.7237704962325966,0.0
fercal,2023-12-10,1.4582015167883318,0.0
fercal,2023-12-11,2.0447453856534756,0.0
fercal,2023-12-12,1.8122238572423086,0.0
fercal,2023-12-13,1.8306926623375188,0.0
fercal,2023-12-14,1.7996165244816598,0.0
fercal,2023-12-15,1.8768647208066964,0.0
fercal,2023-12-16,1.6751429003994884,0.0
fercal,2023-12-17,1.4582015167883318,0.0
fercal,2023-12-18,2.0370962907295658,0.0
fercal,2023-12-19,1.8231492174924773,0.0
fercal,2023-12-20,1.8306926623375188,0.0
fercal,2023-12-21,1.7717219486392224,0.0
fercal,2023-12-22,1.843037312031065,0.0
fercal,2023-12-23,1.6674938054755788,0.0
fercal,2023-12-24,1.4582015167883318,0.0
fercal,2023-12-25,2.0370962907295658,0.0
fercal,2023-12-26,1.804574762318399,0.0
fercal,2023-12-27,1.8230435674136092,0.0
fercal,2023-12-28,1.7640728537153127,0.0
fercal,2023-12-29,1.843037312031065,0.0
fercal,2023-12-30,1.6674938054755788,0.0
fercal,2023-12-31,1.4582015167883318,0.0
fercal,2024-01-01,2.03208684565263,0.0
fercal,2024-01-02,1.7891632985841057,0.0
fercal,2024-01-03,1.7299184204968643,0.0
fercal,2024-01-04,1.6789671252824636,0.0
fercal,2024-01-05,1.856112674521174,0.0
fercal,2024-01-06,1.7327068086950166,0.0
fercal,2024-01-07,1.5112689847177205,0.0
fercal,2024-01-08,2.7544151535654153,0.0
fercal,2024-01-09,2.621669452268548,0.0
fercal,2024-01-10,2.5784104876060776,0.0
fercal,2024-01-11,2.5550981093282603,0.0
fercal,2024-01-12,2.8345484936224206,0.0
fercal,2024-01-13,2.6525375936322786,0.0
fercal,2024-01-14,2.375185422784585,0.0
fercal,2024-01-15,3.1958341720339978,0.0
fercal,2024-01-16,2.9410917980824194,0.0
fercal,2024-01-17,2.8414731882339996,0.0
fercal,2024-01-18,2.7646787955458265,0.0
fercal,2024-01-19,3.0266563611223694,0.0
fercal,2024-01-20,2.762499468512795,0.0
fercal,2024-01-21,2.428093316632224,0.0
gama,2023-12-18,2.1421663485403157,1.0
gama,2023-12-19,1.936319948431629,6.0
gama,2023-12-20,1.962799847540326,0.0
gama,2023-12-21,1.9099690449831808,0.0
gama,2023-12-22,1.8966053009687815,0.0
gama,2023-12-23,1.7256307800540442,2.0
gama,2023-12-24,1.4864076042569752,0.0
gama,2023-12-25,2.0424761308282973,0.0
gama,2023-12-26,1.8419508455333535,1.0
gama,2023-12-27,1.8571499978884864,0.0
gama,2023-12-28,1.7963468717415825,0.0
gama,2023-12-29,1.8506864069549747,0.0
gama,2023-12-30,1.7237704962325966,0.0
gama,2023-12-31,1.4582015167883318,0.0
gama,2024-01-01,2.129769699221346,0.0
gama,2024-01-02,1.8697802421628458,1.0
gama,2024-01-03,1.812904368363653,0.0
gama,2024-01-04,1.6866162202063733,2.0
gama,2024-01-05,1.8637617694450836,0.0
gama,2024-01-06,1.8745392134439478,0.0
gama,2024-01-07,1.541562337894319,0.0
gama,2024-01-08,2.7905239628040364,1.0
gama,2024-01-09,2.621669452268548,2.0
gama,2024-01-10,2.6570408552151163,0.0
gama,2024-01-11,2.589557617802778,3.0
gama,2024-01-12,2.9742775586060284,0.0
gama,2024-01-13,2.690663153417292,0.0
gama,2024-01-14,2.375185422784585,1.0
gama,2024-01-15,3.1595422511108726,2.0
gama,2024-01-16,2.9843308932203616,0.0
gama,2024-01-17,2.8414731882339996,2.0
gama,2024-01-18,2.7831271809189464,1.0
gama,2024-01-19,3.0266563611223694,3.0
gama,2024-01-20,2.7243739087277814,1.0
gama,2024-01-21,2.5389089067536617,1.0
gama,2024-01-22,4.211186281621107,6.0
gama,2024-01-23,3.817066721255661,3.0
gama,2024-01-24,3.672130581691754,7.0
gama,2024-01-25,3.625471444384112,3.0
gama,2024-01-26,3.843076470987512,2.0
gama,2024-01-27,3.5280802341660875,4.0
gama,2024-01-28,3.0381654428936855,2.0
gama,2024-01-29,4.606266275140152,5.0
gama,2024-01-30,4.223698238654702,5.0
gama,2024-01-31,3.9617856902588597,3.0
gama,2024-02-01,3.819244261076977,3.0
gama,2024-02-02,3.8232180874368504,6.0
gama,2024-02-03,3.353494535518887,5.0
gama,2024-02-04,2.8591695927397045,5.0
gama,2024-02-05,4.578395151552219,14.0
gama,2024-02-06,3.9862217915720457,17.0
gama,2024-02-07,3.721388455675727,6.0
gama,2024-02-08,3.78654645786189,10.0
gama,2024-02-09,3.790520284221765,8.0
gama,2024-02-10,3.2709303522049367,6.0
gama,2024-02-11,2.826471789524618,6.0
gama,2024-02-12,4.581989269260259,12.0
gama,2024-02-13,3.9898159092800847,6.0
gama,2024-02-14,3.7576803765988522,11.0
gama,2024-02-15,3.6664878715415146,16.0
gama,2024-02-16,3.8344160638225335,7.0
gama,2024-02-17,3.30905591198995,8.0
gama,2024-02-18,2.826471789524618,3.0
guara,2023-12-18,3.005588618614399,2.0
guara,2023-12-19,2.7626916660383625,5.0
guara,2023-12-20,2.7923534168779245,2.0
guara,2023-12-21,2.7043350506889583,1.0
guara,2023-12-22,2.9081515172442227,1.0
guara,2023-12-23,2.2180608992804993,1.0
guara,2023-12-24,1.7595793999326956,2.0
guara,2023-12-25,3.165385934768234,2.0
guara,2023-12-26,2.956968719818265,2.0
guara,2023-12-27,2.934163144700269,1.0
guara,2023-12-28,2.8500385023633226,4.0
guara,2023-12-29,2.9906698621448284,1.0
guara,2023-12-30,2.6866253384600713,0.0
guara,2023-12-31,2.316263619872715,4.0
guara,2024-01-01,3.290247211528311,1.0
guara,2024-01-02,2.993999691930057,5.0
guara,2024-01-03,2.9376201772195794,4.0
guara,2024-01-04,2.8599251360793776,1.0
guara,2024-01-05,3.0752744595610872,1.0
guara,2024-01-06,2.8779563432582584,2.0
guara,2024-01-07,2.5389089067536617,1.0
guara,2024-01-08,4.301654583226051,5.0
guara,2024-01-09,3.8779494131640013,4.0
guara,2024-01-10,3.7552996412430475,5.0
guara,2024-01-11,3.67234858301228,3.0
guara,2024-01-12,3.7991806913867436,5.0
guara,2024-01-13,3.504145241594391,2.0
guara,2024-01-14,3.0654503590791173,0.0
guara,2024-01-15,4.606266275140152,0.0
guara,2024-01-16,4.223698238654702,7.0
guara,2024-01-17,4.008662828887023,4.0
guara,2024-01-18,3.878834632028094,7.0
guara,2024-01-19,4.1549624478805915,6.0
guara,2024-01-20,3.733829260940504,6.0
guara,2024-01-21,3.179857522355926,2.0
guara,2024-01-22,4.805805768264252,7.0
guara,2024-01-23,4.3141437661610285,6.0
guara,2024-01-24,3.9617856902588597,6.0
guara,2024-01-25,3.8443751235535752,1.0
guara,2024-01-26,4.1549624478805915,4.0
guara,2024-01-27,3.6666638527807445,4.0
guara,2024-01-28,3.179857522355926,7.0
guara,2024-01-29,4.831227103524306,8.0
guara,2024-01-30,4.3395651014210825,8.0
guara,2024-01-31,4.008662828887023,5.0
guara,2024-02-01,3.6647261662820827,11.0
guara,2024-02-02,4.07342179495603,11.0
guara,2024-02-03,3.3916200953039004,9.0
guara,2024-02-04,2.9962640982952697,7.0
guara,2024-02-05,4.731112455682244,11.0
guara,2024-02-06,4.022513712495168,14.0
guara,2024-02-07,3.9104367661343136,11.0
guara,2024-02-08,3.6991856747566003,23.0
guara,2024-02-09,4.07342179495603,19.0
guara,2024-02-10,3.5075219063170584,16.0
guara,2024-02-11,2.8688811281414393,7.0
guara,2024-02-12,4.7060929559373115,7.0
guara,2024-02-13,4.142572298815545,12.0
guara,2024-02-14,3.9104367661343136,34.0
guara,2024-02-15,3.819244261076977,23.0
guara,2024-02-16,4.024239439238983,28.0
guara,2024-02-17,3.3916200953039004,26.0
guara,2024-02-18,2.897295152524718,7.0
itapoa,2023-12-11,2.0144186151451593,0.0
itapoa,2023-12-12,1.7818970867339923,0.0
itapoa,2023-12-13,1.8003658918292025,0.0
itapoa,2023-12-14,1.7692897539733434,0.0
itapoa,2023-12-15,1.8203596364466583,0.0
itapoa,2023-12-16,1.6799295759217867,0.0
itapoa,2023-12-17,1.4582015167883318,0.0
itapoa,2023-12-18,2.0556707459036447,0.0
itapoa,2023-12-19,1.804574762318399,0.0
itapoa,2023-12-20,1.8230435674136092,0.0
itapoa,2023-12-21,1.7640728537153127,0.0
itapoa,2023-12-22,1.843037312031065,0.0
itapoa,2023-12-23,1.6674938054755788,0.0
itapoa,2023-12-24,1.4582015167883318,0.0
itapoa,2023-12-25,2.0370962907295658,0.0
itapoa,2023-12-26,1.834301750609444,0.0
itapoa,2023-12-27,1.8230435674136092,0.0
itapoa,2023-12-28,1.7919674295577501,0.0
itapoa,2023-12-29,1.843037312031065,0.0
itapoa,2023-12-30,1.6674938054755788,0.0
itapoa,2023-12-31,1.4869486378479269,0.0
itapoa,2024-01-01,2.0605465599673414,0.0
itapoa,2024-01-02,1.8252721078227259,0.0
itapoa,2024-01-03,1.7583781348115748,0.0
itapoa,2024-01-04,1.7055944271485663,0.0
itapoa,2024-01-05,1.856112674521174,0.0
itapoa,2024-01-06,1.7630001618716151,0.0
itapoa,2024-01-07,1.541562337894319,0.0
itapoa,2024-01-08,2.810245816680882,0.0
itapoa,2024-01-09,2.621669452268548,0.0
itapoa,2024-01-10,2.5784104876060776,0.0
itapoa,2024-01-11,2.589557617802778,0.0
itapoa,2024-01-12,2.8345484936224206,1.0
itapoa,2024-01-13,2.690663153417292,0.0
itapoa,2024-01-14,2.4405958987550305,1.0
itapoa,2024-01-15,3.1595422511108726,0.0
itapoa,2024-01-16,2.904799877159294,0.0
itapoa,2024-01-17,2.8051812673108745,0.0
itapoa,2024-01-18,2.730219287071309,0.0
itapoa,2024-01-19,2.982760581521601,0.0
itapoa,2024-01-20,2.7243739087277814,1.0
itapoa,2024-01-21,2.428093316632224,0.0
itapoa,2024-01-22,3.2487420658816366,0.0
itapoa,2024-01-23,2.9577077710069317,0.0
itapoa,2024-01-24,2.894381082081637,1.0
itapoa,2024-01-25,2.7831271809189464,0.0
itapoa,2024-01-26,2.982760581521601,0.0
itapoa,2024-01-27,2.762499468512795,1.0
itapoa,2024-01-28,2.4662188764172375,2.0
itapoa,2024-01-29,3.2124501449585114,0.0
itapoa,2024-01-30,2.9577077710069317,0.0
itapoa,2024-01-31,2.858089161158512,0.0
itapoa,2024-02-01,2.6303969770145965,0.0
itapoa,2024-02-02,2.7803535432948703,1.0
itapoa,2024-02-03,2.47624890461808,0.0
itapoa,2024-02-04,1.9564229642570428,0.0
itapoa,2024-02-05,3.0244373301219376,1.0
itapoa,2024-02-06,2.8174949893620633,1.0
itapoa,2024-02-07,2.6969844311562197,0.0
itapoa,2024-02-08,2.6119485916414757,0.0
itapoa,2024-02-09,2.7713414290480003,0.0
itapoa,2024-02-10,2.461466570555455,4.0
itapoa,2024-02-11,1.9564229642570428,1.0
jardim_botanico,2023-12-16,2.952754576585184,0.0
jardim_botanico,2023-12-17,2.7048350939421555,0.0
jardim_botanico,2023-12-18,3.8432180208871305,0.0
jardim_botanico,2023-12-19,3.6096713409640553,0.0
jardim_botanico,2023-12-20,4.1981059763818545,1.0
jardim_botanico,2023-12-21,3.175685521914406,0.0
jardim_botanico,2023-12-22,3.202847783787681,1.0
jardim_botanico,2023-12-23,3.387864060576676,1.0
jardim_botanico,2023-12-24,2.9045228191425956,2.0
jardim_botanico,2023-12-25,4.554887498690668,1.0
jardim_botanico,2023-12-26,4.2239439795583,1.0
jardim_botanico,2023-12-27,4.0229154393437,1.0
jardim_botanico,2023-12-28,3.8947165816211027,0.0
jardim_botanico,2023-12-29,3.8930752304653455,2.0
jardim_botanico,2023-12-30,3.531638454116123,1.0
jardim_botanico,2023-12-31,3.1861390846878312,0.0
jardim_botanico,2024-01-01,4.74979199346428,0.0
jardim_botanico,2024-01-02,4.3141437661610285,1.0
jardim_botanico,2024-01-03,4.008662828887023,0.0
jardim_botanico,2024-01-04,3.9257117706562625,1.0
jardim_botanico,2024-01-05,4.202177634824713,2.0
jardim_botanico,2024-01-06,3.628538292995731,1.0
jardim_botanico,2024-01-07,3.2906731124773634,3.0
jardim_botanico,2024-01-08,4.786083914387405,0.0
jardim_botanico,2024-01-09,4.256396041869788,2.0
jardim_botanico,2024-01-10,3.925493769335735,2.0
jardim_botanico,2024-01-11,3.878834632028094,1.0
jardim_botanico,2024-01-12,4.052543879030718,1.0
jardim_botanico,2024-01-13,3.628538292995731,2.0
jardim_botanico,2024-01-14,3.217983082140939,1.0
jardim_botanico,2024-01-15,4.74979199346428,1.0
jardim_botanico,2024-01-16,4.256396041869788,3.0
jardim_botanico,2024-01-17,3.983241493626972,1.0
jardim_botanico,2024-01-18,3.878834632028094,2.0
jardim_botanico,2024-01-19,4.052543879030718,2.0
jardim_botanico,2024-01-20,3.628538292995731,2.0
jardim_botanico,2024-01-21,3.217983082140939,1.0
jardim_botanico,2024-01-22,4.74979199346428,5.0
jardim_botanico,2024-01-23,4.256396041869788,0.0
jardim_botanico,2024-01-24,3.9617856902588597,1.0
jardim_botanico,2024-01-25,3.8443751235535752,4.0
jardim_botanico,2024-01-26,4.052543879030718,3.0
jardim_botanico,2024-01-27,3.6666638527807445,3.0
jardim_botanico,2024-01-28,3.179857522355926,1.0
jardim_botanico,2024-01-29,4.74979199346428,5.0
jardim_botanico,2024-01-30,4.256396041869788,0.0
jardim_botanico,2024-01-31,3.925493769335735,3.0
jardim_botanico,2024-02-01,3.6991856747566003,1.0
jardim_botanico,2024-02-02,3.8232180874368504,4.0
jardim_botanico,2024-02-03,3.6031989501898827,1.0
jardim_botanico,2024-02-04,2.8688811281414393,2.0
jardim_botanico,2024-02-05,4.578395151552219,4.0
jardim_botanico,2024-02-06,3.9862217915720457,7.0
jardim_botanico,2024-02-07,3.904598445120923,10.0
jardim_botanico,2024-02-08,3.6664878715415146,9.0
jardim_botanico,2024-02-09,3.8344160638225335,7.0
jardim_botanico,2024-02-10,3.5246904832008368,2.0
jardim_botanico,2024-02-11,3.0001965838490596,1.0
jardim_botanico,2024-02-12,4.687902586066761,4.0
jardim_botanico,2024-02-13,4.229383039089964,3.0
jardim_botanico,2024-02-14,3.9249441994788494,6.0
jardim_botanico,2024-02-15,3.819244261076977,6.0
jardim_botanico,2024-02-16,4.024239439238983,8.0
lago_norte,2023-12-18,2.423074580348012,2.0
lago_norte,2023-12-19,2.1775493284177667,4.0
lago_norte,2023-12-20,2.2115795561761313,3.0
lago_norte,2023-12-21,2.320603445485646,2.0
lago_norte,2023-12-22,2.0752807455110207,1.0
lago_norte,2023-12-23,1.6955509944354548,1.0
lago_norte,2023-12-24,1.520745786227495,0.0
lago_norte,2023-12-25,2.7770974074477737,0.0
lago_norte,2023-12-26,2.7323566932046273,1.0
lago_norte,2023-12-27,2.7458682854754235,1.0
lago_norte,2023-12-28,2.7567857703854473,0.0
lago_norte,2023-12-29,2.856679496416445,1.0
lago_norte,2023-12-30,2.6262701146265774,1.0
lago_norte,2023-12-31,2.3157225862817636,0.0
lago_norte,2024-01-01,3.240977361170898,0.0
lago_norte,2024-01-02,2.9879689367105877,1.0
lago_norte,2024-01-03,2.9412582207098055,1.0
lago_norte,2024-01-04,2.839042492761578,0.0
lago_norte,2024-01-05,3.1224896465052088,3.0
lago_norte,2024-01-06,2.7243739087277814,0.0
lago_norte,2024-01-07,2.541649537662451,1.0
lago_norte,2024-01-08,4.267200056421079,2.0
lago_norte,2024-01-09,3.759318996964422,4.0
lago_norte,2024-01-10,3.672130581691754,1.0
lago_norte,2024-01-11,3.6469272477522257,3.0
lago_norte,2024-01-12,3.7991806913867436,1.0
lago_norte,2024-01-13,3.436979833434631,1.0
lago_norte,2024-01-14,3.0015351541248094,2.0
lago_norte,2024-01-15,4.6477714207868255,5.0
lago_norte,2024-01-16,4.223698238654702,2.0
lago_norte,2024-01-17,3.8927959661206493,4.0
lago_norte,2024-01-18,3.878834632028094,2.0
lago_norte,2024-01-19,4.052543879030718,3.0
lago_norte,2024-01-20,3.739418407328941,2.0
lago_norte,2024-01-21,3.179857522355926,1.0
lago_norte,2024-01-22,4.786083914387405,1.0
lago_norte,2024-01-23,4.292687962792914,4.0
lago_norte,2024-01-24,3.925493769335735,4.0
lago_norte,2024-01-25,3.8443751235535752,1.0
lago_norte,2024-01-26,4.052543879030718,5.0
lago_norte,2024-01-27,3.628538292995731,2.0
lago_norte,2024-01-28,3.179857522355926,1.0
lago_norte,2024-01-29,4.831227103524306,4.0
lago_norte,2024-01-30,4.256396041869788,7.0
lago_norte,2024-01-31,3.9617856902588597,3.0
lago_norte,2024-02-01,3.6647261662820827,4.0
lago_norte,2024-02-02,3.8232180874368504,6.0
lago_norte,2024-02-03,3.5573882864159225,3.0
lago_norte,2024-02-04,2.8688811281414393,5.0
lago_norte,2024-02-05,4.578395151552219,6.0
lago_norte,2024-02-06,3.9862217915720457,5.0
lago_norte,2024-02-07,3.721388455675727,9.0
lago_norte,2024-02-08,3.801053891206426,6.0
lago_norte,2024-02-09,3.991541636023902,6.0
lago_norte,2024-02-10,3.353494535518887,2.0
lago_norte,2024-02-11,2.826471789524618,0.0
lago_norte,2024-02-12,4.581989269260259,8.0
lago_norte,2024-02-13,3.9898159092800847,3.0
lago_norte,2024-02-14,3.7576803765988522,7.0
lago_norte,2024-02-15,3.6664878715415146,11.0
lago_norte,2024-02-16,3.8344160638225335,20.0
lago_norte,2024-02-17,3.30905591198995,10.0
lago_norte,2024-02-18,2.8645973493096313,1.0
lago_sul,2023-12-15,2.365646921231328,0.0
lago_sul,2023-12-16,1.973076346283695,0.0
lago_sul,2023-12-17,1.6982178926574278,0.0
lago_sul,2023-12-18,2.5284596674378657,1.0
lago_sul,2023-12-19,2.5255887507684,3.0
lago_sul,2023-12-20,3.039364557311839,1.0
lago_sul,2023-12-21,2.7074760874229282,1.0
lago_sul,2023-12-22,2.933055269220124,0.0
lago_sul,2023-12-23,2.664956286303418,1.0
lago_sul,2023-12-24,2.307924592849086,0.0
lago_sul,2023-12-25,3.149166112756235,0.0
lago_sul,2023-12-26,2.9094990193125065,3.0
lago_sul,2023-12-27,2.9898116694566967,2.0
lago_sul,2023-12-28,2.8556881753221095,2.0
lago_sul,2023-12-29,3.043577755992467,1.0
lago_sul,2023-12-30,2.73953323230771,0.0
lago_sul,2023-12-31,2.407316651806243,1.0
lago_sul,2024-01-01,3.293885255018537,1.0
lago_sul,2024-01-02,3.03907876952476,0.0
lago_sul,2024-01-03,2.894381082081637,1.0
lago_sul,2024-01-04,2.817586689393464,1.0
lago_sul,2024-01-05,2.982760581521601,3.0
lago_sul,2024-01-06,2.7243739087277814,1.0
lago_sul,2024-01-07,2.4662188764172375,1.0
lago_sul,2024-01-08,3.290247211528311,1.0
lago_sul,2024-01-09,2.9577077710069317,0.0
lago_sul,2024-01-10,2.858089161158512,3.0
lago_sul,2024-01-11,2.839042492761578,3.0
lago_sul,2024-01-12,3.0752744595610872,1.0
lago_sul,2024-01-13,2.819760185862168,0.0
lago_sul,2024-01-14,2.428093316632224,1.0
lago_sul,2024-01-15,3.2684639197584824,4.0
lago_sul,2024-01-16,2.9577077710069317,0.0
lago_sul,2024-01-17,2.894381082081637,3.0
lago_sul,2024-01-18,2.7831271809189464,5.0
lago_sul,2024-01-19,3.0266563611223694,2.0
lago_sul,2024-01-20,2.762499468512795,0.0
lago_sul,2024-01-21,2.428093316632224,1.0
lago_sul,2024-01-22,3.293885255018537,2.0
lago_sul,2024-01-23,3.0154554952981707,2.0
lago_sul,2024-01-24,2.858089161158512,3.0
lago_sul,2024-01-25,2.7831271809189464,3.0
lago_sul,2024-01-26,3.0752744595610872,1.0
lago_sul,2024-01-27,2.7243739087277814,3.0
lago_sul,2024-01-28,2.4935037926026693,2.0
lago_sul,2024-01-29,3.2124501449585114,4.0
lago_sul,2024-01-30,2.9577077710069317,2.0
lago_sul,2024-01-31,2.894381082081637,4.0
lago_sul,2024-02-01,2.6303969770145965,2.0
lago_sul,2024-02-02,2.9808527359480794,6.0
lago_sul,2024-02-03,2.5143744644030934,5.0
lago_sul,2024-02-04,2.1440356757848784,1.0
lago_sul,2024-02-05,2.9881454091988124,7.0
lago_sul,2024-02-06,2.781203068438938,9.0
lago_sul,2024-02-07,2.8046316974539893,11.0
lago_sul,2024-02-08,2.6119485916414757,7.0
lago_sul,2024-02-09,2.7713414290480003,7.0
lago_sul,2024-02-10,2.461466570555455,3.0
lago_sul,2024-02-11,1.9945485240420584,3.0
lago_sul,2024-02-12,3.1158432135839034,4.0
lago_sul,2024-02-13,2.910634822315297,8.0
lago_sul,2024-02-14,2.7901242641094535,7.0
lago_sul,2024-02-15,2.7050884245947096,14.0
nucleo_bandeirante,2023-12-18,2.0424116539449364,1.0
nucleo_bandeirante,2023-12-19,1.8151768939027189,0.0
nucleo_bandeirante,2023-12-20,1.8447982321148957,0.0
nucleo_bandeirante,2023-12-21,1.772842572851025,0.0
nucleo_bandeirante,2023-12-22,1.8203596364466583,0.0
nucleo_bandeirante,2023-12-23,1.6595214818858204,0.0
nucleo_bandeirante,2023-12-24,1.4582015167883318,0.0
nucleo_bandeirante,2023-12-25,2.0370962907295658,0.0
nucleo_bandeirante,2023-12-26,1.8231492174924773,1.0
nucleo_bandeirante,2023-12-27,1.8230435674136092,0.0
nucleo_bandeirante,2023-12-28,1.7808148964407835,0.0
nucleo_bandeirante,2023-12-29,1.843037312031065,0.0
nucleo_bandeirante,2023-12-30,1.6879018995115451,0.0
nucleo_bandeirante,2023-12-31,1.4582015167883318,0.0
nucleo_bandeirante,2024-01-01,2.0605465599673414,0.0
nucleo_bandeirante,2024-01-02,1.8645001515269848,0.0
nucleo_bandeirante,2024-01-03,1.7660272297354844,0.0
nucleo_bandeirante,2024-01-04,1.6789671252824636,0.0
nucleo_bandeirante,2024-01-05,1.856112674521174,1.0
nucleo_bandeirante,2024-01-06,1.7630001618716151,0.0
nucleo_bandeirante,2024-01-07,1.5688472540797511,0.0
nucleo_bandeirante,2024-01-08,2.762064248489325,0.0
nucleo_bandeirante,2024-01-09,2.679417176559787,0.0
nucleo_bandeirante,2024-01-10,2.6361582118973166,0.0
nucleo_bandeirante,2024-01-11,2.589557617802778,1.0
nucleo_bandeirante,2024-01-12,2.927062371661907,0.0
nucleo_bandeirante,2024-01-13,2.690663153417292,0.0
nucleo_bandeirante,2024-01-14,2.4405958987550305,1.0
nucleo_bandeirante,2024-01-15,3.240977361170898,1.0
nucleo_bandeirante,2024-01-16,2.904799877159294,1.0
nucleo_bandeirante,2024-01-17,2.888350326862168,1.0
nucleo_bandeirante,2024-01-18,2.839042492761578,0.0
nucleo_bandeirante,2024-01-19,2.982760581521601,1.0
nucleo_bandeirante,2024-01-20,2.762499468512795,4.0
nucleo_bandeirante,2024-01-21,2.428093316632224,1.0
nucleo_bandeirante,2024-01-22,3.2684639197584824,0.0
nucleo_bandeirante,2024-01-23,3.0154554952981707,0.0
nucleo_bandeirante,2024-01-24,2.894381082081637,1.0
nucleo_bandeirante,2024-01-25,2.7831271809189464,0.0
nucleo_bandeirante,2024-01-26,2.982760581521601,3.0
nucleo_bandeirante,2024-01-27,2.819760185862168,1.0
nucleo_bandeirante,2024-01-28,2.5389089067536617,0.0
nucleo_bandeirante,2024-01-29,4.211186281621107,1.0
nucleo_bandeirante,2024-01-30,3.7956109178875472,0.0
nucleo_bandeirante,2024-01-31,3.708422502614879,1.0
nucleo_bandeirante,2024-02-01,3.5658810734329958,2.0
nucleo_bandeirante,2024-02-02,3.5698548997928707,1.0
nucleo_bandeirante,2024-02-03,3.123810516172775,0.0
nucleo_bandeirante,2024-02-04,2.6793519534924513,2.0
nucleo_bandeirante,2024-02-05,4.398577512304966,0.0
nucleo_bandeirante,2024-02-06,3.7709560423558046,4.0
nucleo_bandeirante,2024-02-07,3.61056054056669,4.0
nucleo_bandeirante,2024-02-08,3.519368035509352,1.0
nucleo_bandeirante,2024-02-09,3.6434004481896025,2.0
nucleo_bandeirante,2024-02-10,3.123810516172775,2.0
nucleo_bandeirante,2024-02-11,2.6793519534924513,3.0
nucleo_bandeirante,2024-02-12,4.434869433228092,1.0
nucleo_bandeirante,2024-02-13,3.7709560423558046,0.0
nucleo_bandeirante,2024-02-14,3.61056054056669,2.0
nucleo_bandeirante,2024-02-15,3.519368035509352,4.0
nucleo_bandeirante,2024-02-16,3.687296227790371,2.0
nucleo_bandeirante,2024-02-17,3.1619360759577884,0.0
nucleo_bandeirante,2024-02-18,2.6793519534924513,0.0
outros_estados,2023-12-18,2.826588778644721,5.0
outros_estados,2023-12-19,2.835405824729859,2.0
outros_estados,2023-12-20,2.812159681721782,1.0
outros_estados,2023-12-21,2.3262340325404125,0.0
outros_estados,2023-12-22,2.52183967772651,4.0
outros_estados,2023-12-23,2.0429397215374543,1.0
outros_estados,2023-12-24,1.6832036271290172,0.0
outros_estados,2023-12-25,3.1101403461315775,1.0
outros_estados,2023-12-26,2.937828818953494,1.0
outros_estados,2023-12-27,2.9179753543611944,0.0
outros_estados,2023-12-28,2.8500385023633226,2.0
outros_estados,2023-12-29,2.9906698621448284,0.0
outros_estados,2023-12-30,2.6845738763864038,0.0
outros_estados,2023-12-31,2.3579544572449223,2.0
outros_estados,2024-01-01,3.293885255018537,0.0
outros_estados,2024-01-02,2.993999691930057,7.0
outros_estados,2024-01-03,2.93946015967634,6.0
outros_estados,2024-01-04,2.8599251360793776,3.0
outros_estados,2024-01-05,3.1224896465052088,3.0
outros_estados,2024-01-06,2.7895423931626415,1.0
outros_estados,2024-01-07,2.5395980755887835,1.0
outros_estados,2024-01-08,4.323437874995878,3.0
outros_estados,2024-01-09,3.8249445694547664,5.0
outros_estados,2024-01-10,3.753501580209582,8.0
outros_estados,2024-01-11,3.67234858301228,2.0
outros_estados,2024-01-12,3.843076470987512,3.0
outros_estados,2024-01-13,3.559600768081692,1.0
outros_estados,2024-01-14,3.1108554732301097,0.0
outros_estados,2024-01-15,4.669311911176858,5.0
outros_estados,2024-01-16,4.3135831351726335,1.0
outros_estados,2024-01-17,3.9617856902588597,3.0
outros_estados,2024-01-18,3.8443751235535752,3.0
outros_estados,2024-01-19,4.202177634824713,1.0
outros_estados,2024-01-20,3.733829260940504,6.0
outros_estados,2024-01-21,3.293413743386153,2.0
outros_estados,2024-01-22,4.786083914387405,4.0
outros_estados,2024-01-23,4.3395651014210825,7.0
outros_estados,2024-01-24,3.925493769335735,3.0
outros_estados,2024-01-25,3.921862247549129,1.0
outros_estados,2024-01-26,4.052543879030718,3.0
outros_estados,2024-01-27,3.6666638527807445,4.0
outros_estados,2024-01-28,3.179857522355926,2.0
outros_estados,2024-01-29,4.786083914387405,7.0
outros_estados,2024-01-30,4.3141437661610285,7.0
outros_estados,2024-01-31,4.008662828887023,7.0
outros_estados,2024-02-01,3.8337516944215126,8.0
outros_estados,2024-02-02,3.8671138670376197,8.0
outros_estados,2024-02-03,3.5573882864159225,7.0
outros_estados,2024-02-04,2.9070066879264527,7.0
outros_estados,2024-02-05,4.614687072475345,28.0
outros_estados,2024-02-06,4.229383039089964,22.0
outros_estados,2024-02-07,3.935456265879248,13.0
outros_estados,2024-02-08,3.6647261662820827,23.0
outros_estados,2024-02-09,4.060540724267583,14.0
outros_estados,2024-02-10,3.353494535518887,16.0
outros_estados,2024-02-11,2.8591695927397045,3.0
outros_estados,2024-02-12,4.7060929559373115,6.0
outros_estados,2024-02-13,4.142572298815545,4.0
outros_estados,2024-02-14,3.9104367661343136,25.0
outros_estados,2024-02-15,3.6991856747566003,27.0
outros_estados,2024-02-16,4.024239439238983,25.0
outros_estados,2024-02-17,3.341753715205036,14.0
outros_estados,2024-02-18,2.897295152524718,9.0
outros_estados,2024-02-18,2.897295152524718,1.0
paranoa,2023-12-15,1.927291308062678,0.0
paranoa,2023-12-16,1.806299037956718,0.0
paranoa,2023-12-17,1.435523841203925,0.0
paranoa,2023-12-18,2.0424116539449364,0.0
paranoa,2023-12-19,1.8263294270196855,0.0
paranoa,2023-12-20,1.842429227826847,0.0
paranoa,2023-12-21,1.7866463147440055,1.0
paranoa,2023-12-22,1.9122267194824496,0.0
paranoa,2023-12-23,1.7237704962325966,0.0
paranoa,2023-12-24,1.4869486378479269,0.0
paranoa,2023-12-25,2.0447453856534756,0.0
paranoa,2023-12-26,1.8419508455333535,0.0
paranoa,2023-12-27,1.8306926623375188,0.0
paranoa,2023-12-28,1.7996165244816598,0.0
paranoa,2023-12-29,1.8506864069549747,0.0
paranoa,2023-12-30,1.6751429003994884,0.0
paranoa,2023-12-31,1.4869486378479269,0.0
paranoa,2024-01-01,2.087917508768097,1.0
paranoa,2024-01-02,1.8252721078227259,0.0
paranoa,2024-01-03,1.8105353640756043,0.0
paranoa,2024-01-04,1.7346993254405902,0.0
paranoa,2024-01-05,1.977914206505939,1.0
paranoa,2024-01-06,1.8745392134439478,0.0
paranoa,2024-01-07,1.6155214074329205,0.0
paranoa,2024-01-08,2.8508289679319536,1.0
paranoa,2024-01-09,2.729428720778525,0.0
paranoa,2024-01-10,2.653178329009154,0.0
paranoa,2024-01-11,2.589557617802778,1.0
paranoa,2024-01-12,2.8345484936224206,0.0
paranoa,2024-01-13,2.6525375936322786,0.0
paranoa,2024-01-14,2.4133109825695986,0.0
paranoa,2024-01-15,3.1958341720339978,1.0
paranoa,2024-01-16,2.9410917980824194,0.0
paranoa,2024-01-17,2.8051812673108745,1.0
paranoa,2024-01-18,2.730219287071309,2.0
paranoa,2024-01-19,2.982760581521601,0.0
paranoa,2024-01-20,2.762499468512795,5.0
paranoa,2024-01-21,2.428093316632224,0.0
paranoa,2024-01-22,3.2487420658816366,2.0
paranoa,2024-01-23,2.9577077710069317,1.0
paranoa,2024-01-24,2.858089161158512,1.0
paranoa,2024-01-25,2.7831271809189464,1.0
paranoa,2024-01-26,3.0266563611223694,1.0
paranoa,2024-01-27,2.7243739087277814,1.0
paranoa,2024-01-28,2.428093316632224,1.0
paranoa,2024-01-29,3.2124501449585114,1.0
paranoa,2024-01-30,2.9577077710069317,1.0
paranoa,2024-01-31,2.858089161158512,3.0
paranoa,2024-02-01,2.6303969770145965,0.0
paranoa,2024-02-02,2.7803535432948703,2.0
paranoa,2024-02-03,2.6433192113375865,1.0
paranoa,2024-02-04,2.1440356757848784,1.0
paranoa,2024-02-05,2.9881454091988124,3.0
paranoa,2024-02-06,2.8174949893620633,2.0
paranoa,2024-02-07,2.6606925102330945,2.0
paranoa,2024-02-08,2.577489083166958,2.0
paranoa,2024-02-09,2.7713414290480003,1.0
paranoa,2024-02-10,2.461466570555455,0.0
paranoa,2024-02-11,1.9564229642570428,0.0
paranoa,2024-02-12,3.0244373301219376,2.0
paranoa,2024-02-13,2.8174949893620633,1.0
paranoa,2024-02-14,2.6969844311562197,2.0
paranoa,2024-02-15,2.6119485916414757,3.0
park_way,2023-12-14,1.665777440846793,0.0
park_way,2023-12-15,1.8203596364466583,0.0
park_way,2023-12-16,1.6652242239271384,0.0
park_way,2023-12-17,1.4637299286725685,0.0
park_way,2023-12-18,2.0144186151451593,0.0
park_way,2023-12-19,1.8263294270196855,0.0
park_way,2023-12-20,1.833645698997929,1.0
park_way,2023-12-21,1.7919674295577501,1.0
park_way,2023-12-22,1.8974351276799286,0.0
park_way,2023-12-23,1.6674938054755788,0.0
park_way,2023-12-24,1.4864076042569752,0.0
park_way,2023-12-25,2.0541495981532054,0.0
park_way,2023-12-26,1.8419508455333535,0.0
park_way,2023-12-27,1.8604196506285637,0.0
park_way,2023-12-28,1.7884639913646931,0.0
park_way,2023-12-29,1.8506864069549747,1.0
park_way,2023-12-30,1.6751429003994884,1.0
park_way,2023-12-31,1.4869486378479269,0.0
park_way,2024-01-01,2.0681956548912512,0.0
park_way,2024-01-02,1.7968123935080154,3.0
park_way,2024-01-03,1.7660272297354844,0.0
park_way,2024-01-04,1.7501025614886863,0.0
park_way,2024-01-05,1.977914206505939,0.0
park_way,2024-01-06,1.7706492567955248,0.0
park_way,2024-01-07,1.6155214074329205,0.0
park_way,2024-01-08,2.810245816680882,0.0
park_way,2024-01-09,2.679417176559787,0.0
park_way,2024-01-10,2.657941503667145,0.0
park_way,2024-01-11,2.63279671294072,0.0
park_way,2024-01-12,2.927062371661907,1.0
park_way,2024-01-13,2.747923870766665,0.0
park_way,2024-01-14,2.375185422784585,1.0
park_way,2024-01-15,3.1595422511108726,0.0
park_way,2024-01-16,2.962547601450533,1.0
park_way,2024-01-17,2.8051812673108745,3.0
park_way,2024-01-18,2.817586689393464,1.0
park_way,2024-01-19,2.982760581521601,0.0
park_way,2024-01-20,2.7243739087277814,1.0
park_way,2024-01-21,2.4662188764172375,1.0
park_way,2024-01-22,3.2124501449585114,2.0
park_way,2024-01-23,3.0154554952981707,0.0
park_way,2024-01-24,2.858089161158512,0.0
park_way,2024-01-25,2.7831271809189464,0.0
park_way,2024-01-26,2.982760581521601,3.0
park_way,2024-01-27,2.7243739087277814,1.0
park_way,2024-01-28,2.4662188764172375,1.0
park_way,2024-01-29,3.2124501449585114,3.0
park_way,2024-01-30,2.9577077710069317,1.0
park_way,2024-01-31,2.858089161158512,1.0
park_way,2024-02-01,2.6303969770145965,2.0
park_way,2024-02-02,2.8242493228956387,1.0
park_way,2024-02-03,2.47624890461808,0.0
park_way,2024-02-04,1.9945485240420584,1.0
park_way,2024-02-05,2.9881454091988124,3.0
park_way,2024-02-06,2.781203068438938,4.0
park_way,2024-02-07,2.6606925102330945,1.0
park_way,2024-02-08,2.6119485916414757,6.0
park_way,2024-02-09,2.7713414290480003,4.0
park_way,2024-02-10,2.461466570555455,5.0
park_way,2024-02-11,1.9564229642570428,1.0
park_way,2024-02-12,3.0244373301219376,3.0
park_way,2024-02-13,2.8174949893620633,1.0
park_way,2024-02-14,2.6969844311562197,5.0
planaltina,2023-12-17,1.4202651271339983,0.0
planaltina,2023-12-18,2.0329930703192383,2.0
planaltina,2023-12-19,1.80835442228496,1.0
planaltina,2023-12-20,1.8300928801202474,1.0
planaltina,2023-12-21,1.7807254532279144,3.0
planaltina,2023-12-22,1.8974351276799286,1.0
planaltina,2023-12-23,1.7256307800540442,0.0
planaltina,2023-12-24,1.4869486378479269,2.0
planaltina,2023-12-25,2.0703694201652043,0.0
planaltina,2023-12-26,1.8395818412453049,1.0
planaltina,2023-12-27,1.858050646340515,0.0
planaltina,2023-12-28,1.7963468717415825,1.0
planaltina,2023-12-29,1.9122267194824496,1.0
planaltina,2023-12-30,1.7332798749779539,0.0
planaltina,2023-12-31,1.4864076042569752,0.0
planaltina,2024-01-01,2.1133388440281515,2.0
planaltina,2024-01-02,1.8252721078227259,0.0
planaltina,2024-01-03,1.7660272297354844,1.0
planaltina,2024-01-04,1.7568510079605673,1.0
planaltina,2024-01-05,1.8637617694450836,1.0
planaltina,2024-01-06,1.8178146477544694,0.0
planaltina,2024-01-07,1.541562337894319,2.0
planaltina,2024-01-08,2.7905239628040364,0.0
planaltina,2024-01-09,2.679417176559787,0.0
planaltina,2024-01-10,2.5784104876060776,1.0
planaltina,2024-01-11,2.589557617802778,4.0
planaltina,2024-01-12,2.8345484936224206,1.0
planaltina,2024-01-13,2.8033793972539662,1.0
planaltina,2024-01-14,2.4133109825695986,3.0
planaltina,2024-01-15,3.1958341720339978,2.0
planaltina,2024-01-16,2.9843308932203616,2.0
planaltina,2024-01-17,2.888350326862168,0.0
planaltina,2024-01-18,2.7831271809189464,2.0
planaltina,2024-01-19,3.0266563611223694,2.0
planaltina,2024-01-20,2.819760185862168,0.0
planaltina,2024-01-21,2.4662188764172375,4.0
planaltina,2024-01-22,3.293885255018537,4.0
planaltina,2024-01-23,2.993999691930057,4.0
planaltina,2024-01-24,2.915836885449751,3.0
planaltina,2024-01-25,2.817586689393464,3.0
planaltina,2024-01-26,2.982760581521601,1.0
planaltina,2024-01-27,2.7243739087277814,7.0
planaltina,2024-01-28,2.428093316632224,3.0
planaltina,2024-01-29,3.2684639197584824,6.0
planaltina,2024-01-30,2.9577077710069317,6.0
planaltina,2024-01-31,2.858089161158512,6.0
planaltina,2024-02-01,2.664856485489114,7.0
planaltina,2024-02-02,2.8242493228956387,5.0
planaltina,2024-02-03,2.47624890461808,12.0
planaltina,2024-02-04,1.9564229642570428,8.0
planaltina,2024-02-05,2.9881454091988124,6.0
planaltina,2024-02-06,2.781203068438938,6.0
planaltina,2024-02-07,2.6606925102330945,4.0
planaltina,2024-02-08,2.577489083166958,12.0
planaltina,2024-02-09,2.7713414290480003,11.0
planaltina,2024-02-10,2.4233410107704416,2.0
planaltina,2024-02-11,1.9564229642570428,4.0
planaltina,2024-02-12,3.0244373301219376,8.0
planaltina,2024-02-13,2.8174949893620633,10.0
planaltina,2024-02-14,2.6969844311562197,9.0
planaltina,2024-02-15,2.6119485916414757,10.0
planaltina,2024-02-16,2.7713414290480003,11.0
planaltina,2024-02-17,2.461466570555455,4.0
plano_piloto,2023-12-18,9.865054130992096,12.0
plano_piloto,2023-12-19,9.710363949017113,10.0
plano_piloto,2023-12-20,8.240093343285677,12.0
plano_piloto,2023-12-21,7.752135158208573,8.0
plano_piloto,2023-12-22,8.373245540687543,7.0
plano_piloto,2023-12-23,6.792545791828197,5.0
plano_piloto,2023-12-24,5.701798577593353,5.0
plano_piloto,2023-12-25,9.158169810234108,2.0
plano_piloto,2023-12-26,8.491613912434769,7.0
plano_piloto,2023-12-27,7.3148368960758585,6.0
plano_piloto,2023-12-28,6.816196095417299,8.0
plano_piloto,2023-12-29,7.103208913838456,1.0
plano_piloto,2023-12-30,5.978948050510969,8.0
plano_piloto,2023-12-31,5.061162427477218,2.0
plano_piloto,2024-01-01,7.72295874087884,4.0
plano_piloto,2024-01-02,6.479056584273367,20.0
plano_piloto,2024-01-03,6.235439755012397,9.0
plano_piloto,2024-01-04,6.063714247134957,8.0
plano_piloto,2024-01-05,6.223361902610049,12.0
plano_piloto,2024-01-06,5.635095510333336,2.0
plano_piloto,2024-01-07,4.951195260020416,1.0
plano_piloto,2024-01-08,7.421970714065197,7.0
plano_piloto,2024-01-09,5.813692228446272,8.0
plano_piloto,2024-01-10,5.924224872761999,13.0
plano_piloto,2024-01-11,5.655906361994968,17.0
plano_piloto,2024-01-12,6.094946449218392,16.0
plano_piloto,2024-01-13,5.487875834740395,9.0
plano_piloto,2024-01-14,4.618100968312067,6.0
plano_piloto,2024-01-15,7.283769881286801,14.0
plano_piloto,2024-01-16,6.254735477326515,17.0
plano_piloto,2024-01-17,5.95029153398983,14.0
plano_piloto,2024-01-18,5.843257721675961,13.0
plano_piloto,2024-01-19,6.252029228296143,14.0
plano_piloto,2024-01-20,5.4851352038316055,10.0
plano_piloto,2024-01-21,4.608115478605352,8.0
plano_piloto,2024-01-22,7.224992555433457,15.0
plano_piloto,2024-01-23,6.247739106471871,12.0
plano_piloto,2024-01-24,5.95029153398983,16.0
plano_piloto,2024-01-25,5.826884219344219,23.0
plano_piloto,2024-01-26,6.268326380798721,9.0
plano_piloto,2024-01-27,5.487875834740395,18.0
plano_piloto,2024-01-28,4.608115478605352,8.0
plano_piloto,2024-01-29,7.224992555433457,29.0
plano_piloto,2024-01-30,6.247739106471871,27.0
plano_piloto,2024-01-31,5.8240874301139325,21.0
plano_piloto,2024-02-01,5.713849874897916,24.0
plano_piloto,2024-02-02,6.080680089404972,26.0
plano_piloto,2024-02-03,5.25543361849328,22.0
plano_piloto,2024-02-04,4.358223690466439,16.0
plano_piloto,2024-02-05,6.603369812690281,60.0
plano_piloto,2024-02-06,5.992444207307426,45.0
plano_piloto,2024-02-07,5.689855973383983,42.0
plano_piloto,2024-02-08,5.5892454547406745,50.0
plano_piloto,2024-02-09,5.881660359781796,44.0
plano_piloto,2024-02-10,5.126706832497692,28.0
plano_piloto,2024-02-11,4.268172031308452,14.0
plano_piloto,2024-02-12,6.529332610544336,37.0
plano_piloto,2024-02-13,5.983882597014104,22.0
plano_piloto,2024-02-14,5.675243117110672,79.0
plano_piloto,2024-02-15,5.579195918857785,79.0
plano_piloto,2024-02-16,5.883711821855463,71.0
plano_piloto,2024-02-17,5.129447463406481,53.0
plano_piloto,2024-02-18,4.264509359370059,26.0
por_do_sol,2023-12-02,1.6579395581150673,0.0
por_do_sol,2023-12-03,1.4982423971331962,0.0
por_do_sol,2023-12-04,2.13660339675708,0.0
por_do_sol,2023-12-05,1.9451938821230554,0.0
por_do_sol,2023-12-06,1.8003658918292025,0.0
por_do_sol,2023-12-07,1.7561005301255543,0.0
por_do_sol,2023-12-08,1.843037312031065,0.0
por_do_sol,2023-12-09,1.6751429003994884,0.0
por_do_sol,2023-12-10,1.4582015167883318,0.0
por_do_sol,2023-12-11,2.0447453856534756,0.0
por_do_sol,2023-12-12,1.8122238572423086,0.0
por_do_sol,2023-12-13,1.8230435674136092,0.0
por_do_sol,2023-12-14,1.7640728537153127,0.0
por_do_sol,2023-12-15,1.843037312031065,0.0
por_do_sol,2023-12-16,1.6879018995115451,0.0
por_do_sol,2023-12-17,1.4582015167883318,0.0
por_do_sol,2023-12-18,2.0370962907295658,0.0
por_do_sol,2023-12-19,1.804574762318399,1.0
por_do_sol,2023-12-20,1.8230435674136092,0.0
por_do_sol,2023-12-21,1.7640728537153127,0.0
por_do_sol,2023-12-22,1.843037312031065,0.0
por_do_sol,2023-12-23,1.6674938054755788,0.0
por_do_sol,2023-12-24,1.4786096108242976,0.0
por_do_sol,2023-12-25,2.0556707459036447,0.0
por_do_sol,2023-12-26,1.804574762318399,0.0
por_do_sol,2023-12-27,1.8416180225876875,0.0
por_do_sol,2023-12-28,1.7640728537153127,0.0
por_do_sol,2023-12-29,1.843037312031065,0.0
por_do_sol,2023-12-30,1.6674938054755788,0.0
por_do_sol,2023-12-31,1.4582015167883318,0.0
por_do_sol,2024-01-01,2.03208684565263,0.0
por_do_sol,2024-01-02,1.7891632985841057,0.0
por_do_sol,2024-01-03,1.7299184204968643,0.0
por_do_sol,2024-01-04,1.6789671252824636,0.0
por_do_sol,2024-01-05,1.856112674521174,0.0
por_do_sol,2024-01-06,1.7327068086950166,0.0
por_do_sol,2024-01-07,1.5112689847177205,0.0
por_do_sol,2024-01-08,2.7544151535654153,0.0
por_do_sol,2024-01-09,2.621669452268548,0.0
por_do_sol,2024-01-10,2.5784104876060776,0.0
por_do_sol,2024-01-11,2.589557617802778,0.0
por_do_sol,2024-01-12,2.8345484936224206,0.0
por_do_sol,2024-01-13,2.6525375936322786,0.0
por_do_sol,2024-01-14,2.375185422784585,0.0
por_do_sol,2024-01-15,3.1595422511108726,0.0
por_do_sol,2024-01-16,2.904799877159294,0.0
por_do_sol,2024-01-17,2.8051812673108745,0.0
por_do_sol,2024-01-18,2.730219287071309,0.0
por_do_sol,2024-01-19,2.9298526876739635,0.0
por_do_sol,2024-01-20,2.7243739087277814,0.0
por_do_sol,2024-01-21,2.428093316632224,1.0
por_do_sol,2024-01-22,3.2124501449585114,0.0
por_do_sol,2024-01-23,3.0154554952981707,1.0
por_do_sol,2024-01-24,2.858089161158512,0.0
por_do_sol,2024-01-25,2.7831271809189464,1.0
por_do_sol,2024-01-26,2.982760581521601,1.0
por_do_sol,2024-01-27,2.762499468512795,0.0
por_do_sol,2024-01-28,2.428093316632224,0.0
por_do_sol,2024-01-29,3.2487420658816366,1.0
por_do_sol,2024-01-30,2.993999691930057,1.0
por_do_sol,2024-01-31,2.894381082081637,0.0
por_do_sol,2024-02-01,2.664856485489114,0.0
por_do_sol,2024-02-02,2.8242493228956387,0.0
recanto_das_emas,2023-12-17,1.4913569232626356,0.0
recanto_das_emas,2023-12-18,2.172428642165271,0.0
recanto_das_emas,2023-12-19,1.9187872203405627,0.0
recanto_das_emas,2023-12-20,1.9737242816557805,0.0
recanto_das_emas,2023-12-21,1.922939254720835,1.0
recanto_das_emas,2023-12-22,1.8966053009687815,0.0
recanto_das_emas,2023-12-23,1.6674938054755788,0.0
recanto_das_emas,2023-12-24,1.4582015167883318,0.0
recanto_das_emas,2023-12-25,2.0727384244532527,0.0
recanto_das_emas,2023-12-26,1.830798312416387,0.0
recanto_das_emas,2023-12-27,1.8604196506285637,1.0
recanto_das_emas,2023-12-28,1.7996165244816598,0.0
recanto_das_emas,2023-12-29,1.8768647208066964,0.0
recanto_das_emas,2023-12-30,1.7237704962325966,2.0
recanto_das_emas,2023-12-31,1.4786096108242976,0.0
recanto_das_emas,2024-01-01,2.03973594057654,0.0
recanto_das_emas,2024-01-02,1.8697802421628458,1.0
recanto_das_emas,2024-01-03,1.7660272297354844,0.0
recanto_das_emas,2024-01-04,1.757751656412596,0.0
recanto_das_emas,2024-01-05,1.8637617694450836,0.0
recanto_das_emas,2024-01-06,1.7327068086950166,0.0
recanto_das_emas,2024-01-07,1.5688472540797511,0.0
recanto_das_emas,2024-01-08,2.8320291084507105,0.0
recanto_das_emas,2024-01-09,2.7048385118198417,0.0
recanto_das_emas,2024-01-10,2.5784104876060776,0.0
recanto_das_emas,2024-01-11,2.6110134211708917,1.0
recanto_das_emas,2024-01-12,2.9742775586060284,0.0
recanto_das_emas,2024-01-13,2.747923870766665,0.0
recanto_das_emas,2024-01-14,2.375185422784585,0.0
recanto_das_emas,2024-01-15,3.1958341720339978,1.0
recanto_das_emas,2024-01-16,2.9879689367105877,0.0
recanto_das_emas,2024-01-17,2.8414731882339996,0.0
recanto_das_emas,2024-01-18,2.839042492761578,0.0
recanto_das_emas,2024-01-19,3.0266563611223694,0.0
recanto_das_emas,2024-01-20,2.875215712349469,2.0
recanto_das_emas,2024-01-21,2.4662188764172375,3.0
recanto_das_emas,2024-01-22,3.2487420658816366,1.0
recanto_das_emas,2024-01-23,2.993999691930057,2.0
recanto_das_emas,2024-01-24,2.858089161158512,2.0
recanto_das_emas,2024-01-25,2.7831271809189464,1.0
recanto_das_emas,2024-01-26,2.982760581521601,0.0
recanto_das_emas,2024-01-27,2.762499468512795,0.0
recanto_das_emas,2024-01-28,2.428093316632224,2.0
recanto_das_emas,2024-01-29,3.2684639197584824,3.0
recanto_das_emas,2024-01-30,3.0154554952981707,1.0
recanto_das_emas,2024-01-31,2.858089161158512,4.0
recanto_das_emas,2024-02-01,2.664856485489114,0.0
recanto_das_emas,2024-02-02,2.8242493228956387,1.0
recanto_das_emas,2024-02-03,2.47624890461808,0.0
recanto_das_emas,2024-02-04,2.009330858104684,2.0
recanto_das_emas,2024-02-05,2.9881454091988124,4.0
recanto_das_emas,2024-02-06,2.781203068438938,1.0
recanto_das_emas,2024-02-07,2.6606925102330945,1.0
recanto_das_emas,2024-02-08,2.7050884245947096,3.0
recanto_das_emas,2024-02-09,2.727445649447232,4.0
recanto_das_emas,2024-02-10,2.4233410107704416,2.0
recanto_das_emas,2024-02-11,1.9564229642570428,0.0
recanto_das_emas,2024-02-12,3.0244373301219376,1.0
recanto_das_emas,2024-02-13,2.8174949893620633,2.0
recanto_das_emas,2024-02-14,2.6969844311562197,2.0
recanto_das_emas,2024-02-15,2.6119485916414757,3.0
recanto_das_emas,2024-02-16,2.7713414290480003,4.0
recanto_das_emas,2024-02-17,2.461466570555455,3.0
riacho_fundo,2023-12-14,1.8169947469284047,0.0
riacho_fundo,2023-12-15,1.9420483422738186,0.0
riacho_fundo,2023-12-16,1.806299037956718,0.0
riacho_fundo,2023-12-17,1.5491603733619832,0.0
riacho_fundo,2023-12-18,2.2348988096256,0.0
riacho_fundo,2023-12-19,1.8263294270196855,0.0
riacho_fundo,2023-12-20,1.8416180225876875,0.0
riacho_fundo,2023-12-21,2.283266681024841,0.0
riacho_fundo,2023-12-22,2.405194448326463,1.0
riacho_fundo,2023-12-23,2.233441865219259,0.0
riacho_fundo,2023-12-24,1.9237967672394483,0.0
riacho_fundo,2023-12-25,2.801338336308564,0.0
riacho_fundo,2023-12-26,2.7323566932046273,0.0
riacho_fundo,2023-12-27,2.726298170942199,0.0
riacho_fundo,2023-12-28,2.719692545022417,0.0
riacho_fundo,2023-12-29,2.951983690467988,0.0
riacho_fundo,2023-12-30,2.635689157129084,0.0
riacho_fundo,2023-12-31,2.316263619872715,0.0
riacho_fundo,2024-01-01,3.2155560259108436,0.0
riacho_fundo,2024-01-02,2.904799877159294,0.0
riacho_fundo,2024-01-03,2.8051812673108745,0.0
riacho_fundo,2024-01-04,2.839042492761578,1.0
riacho_fundo,2024-01-05,3.0266563611223694,0.0
riacho_fundo,2024-01-06,2.762499468512795,1.0
riacho_fundo,2024-01-07,2.428093316632224,1.0
riacho_fundo,2024-01-08,3.2487420658816366,0.0
riacho_fundo,2024-01-09,2.9577077710069317,0.0
riacho_fundo,2024-01-10,2.858089161158512,0.0
riacho_fundo,2024-01-11,2.7831271809189464,2.0
riacho_fundo,2024-01-12,2.982760581521601,0.0
riacho_fundo,2024-01-13,2.7243739087277814,1.0
riacho_fundo,2024-01-14,2.4662188764172375,0.0
riacho_fundo,2024-01-15,3.2684639197584824,0.0
riacho_fundo,2024-01-16,2.9577077710069317,0.0
riacho_fundo,2024-01-17,2.858089161158512,0.0
riacho_fundo,2024-01-18,2.7831271809189464,1.0
riacho_fundo,2024-01-19,3.0266563611223694,0.0
riacho_fundo,2024-01-20,2.762499468512795,1.0
riacho_fundo,2024-01-21,2.428093316632224,0.0
riacho_fundo,2024-01-22,3.2124501449585114,0.0
riacho_fundo,2024-01-23,2.9577077710069317,2.0
riacho_fundo,2024-01-24,2.858089161158512,0.0
riacho_fundo,2024-01-25,2.7831271809189464,0.0
riacho_fundo,2024-01-26,3.0752744595610872,0.0
riacho_fundo,2024-01-27,2.7243739087277814,1.0
riacho_fundo,2024-01-28,2.428093316632224,1.0
riacho_fundo,2024-01-29,3.2124501449585114,2.0
riacho_fundo,2024-01-30,3.0154554952981707,0.0
riacho_fundo,2024-01-31,2.894381082081637,2.0
riacho_fundo,2024-02-01,2.6303969770145965,0.0
riacho_fundo,2024-02-02,2.7803535432948703,2.0
riacho_fundo,2024-02-03,2.47624890461808,0.0
riacho_fundo,2024-02-04,1.9564229642570428,1.0
riacho_fundo,2024-02-05,3.1158432135839034,2.0
riacho_fundo,2024-02-06,2.781203068438938,2.0
riacho_fundo,2024-02-07,2.6606925102330945,0.0
riacho_fundo,2024-02-08,2.6119485916414757,4.0
riacho_fundo,2024-02-09,2.7713414290480003,1.0
riacho_fundo,2024-02-10,2.461466570555455,2.0
riacho_fundo,2024-02-11,1.9945485240420584,0.0
riacho_fundo,2024-02-12,3.0244373301219376,2.0
riacho_fundo,2024-02-13,2.8174949893620633,2.0
riacho_fundo,2024-02-14,2.6969844311562197,3.0
riacho_fundo_ii,2023-12-14,1.69367201668923,0.0
riacho_fundo_ii,2023-12-15,1.874757452095522,0.0
riacho_fundo_ii,2023-12-16,1.7029531044696375,0.0
riacho_fundo_ii,2023-12-17,1.4637299286725685,0.0
riacho_fundo_ii,2023-12-18,2.0144186151451593,0.0
riacho_fundo_ii,2023-12-19,1.8263294270196855,0.0
riacho_fundo_ii,2023-12-20,1.8416180225876875,0.0
riacho_fundo_ii,2023-12-21,1.7886977768176728,1.0
riacho_fundo_ii,2023-12-22,1.8768647208066964,0.0
riacho_fundo_ii,2023-12-23,1.7237704962325966,0.0
riacho_fundo_ii,2023-12-24,1.4864076042569752,0.0
riacho_fundo_ii,2023-12-25,2.0424761308282973,0.0
riacho_fundo_ii,2023-12-26,1.8419508455333535,0.0
riacho_fundo_ii,2023-12-27,1.8306926623375188,0.0
riacho_fundo_ii,2023-12-28,1.7717219486392224,0.0
riacho_fundo_ii,2023-12-29,1.9050842226038383,0.0
riacho_fundo_ii,2023-12-30,1.7237704962325966,0.0
riacho_fundo_ii,2023-12-31,1.4582015167883318,0.0
riacho_fundo_ii,2024-01-01,2.1133388440281515,1.0
riacho_fundo_ii,2024-01-02,1.7968123935080154,1.0
riacho_fundo_ii,2024-01-03,1.737567515420774,0.0
riacho_fundo_ii,2024-01-04,1.6866162202063733,0.0
riacho_fundo_ii,2024-01-05,1.9507955385601556,0.0
riacho_fundo_ii,2024-01-06,1.8668901185200382,0.0
riacho_fundo_ii,2024-01-07,1.5112689847177205,0.0
riacho_fundo_ii,2024-01-08,2.8356671519409367,1.0
riacho_fundo_ii,2024-01-09,2.7048385118198417,0.0
riacho_fundo_ii,2024-01-10,2.6147024085292028,0.0
riacho_fundo_ii,2024-01-11,2.589557617802778,0.0
riacho_fundo_ii,2024-01-12,2.8345484936224206,0.0
riacho_fundo_ii,2024-01-13,2.747923870766665,1.0
riacho_fundo_ii,2024-01-14,2.486001012906023,0.0
riacho_fundo_ii,2024-01-15,3.1958341720339978,0.0
riacho_fundo_ii,2024-01-16,2.9879689367105877,0.0
riacho_fundo_ii,2024-01-17,2.8051812673108745,0.0
riacho_fundo_ii,2024-01-18,2.7831271809189464,0.0
riacho_fundo_ii,2024-01-19,2.982760581521601,0.0
riacho_fundo_ii,2024-01-20,2.7243739087277814,0.0
riacho_fundo_ii,2024-01-21,2.4662188764172375,0.0
riacho_fundo_ii,2024-01-22,3.2124501449585114,0.0
riacho_fundo_ii,2024-01-23,2.993999691930057,1.0
riacho_fundo_ii,2024-01-24,2.858089161158512,0.0
riacho_fundo_ii,2024-01-25,2.817586689393464,0.0
riacho_fundo_ii,2024-01-26,2.982760581521601,0.0
riacho_fundo_ii,2024-01-27,2.762499468512795,1.0
riacho_fundo_ii,2024-01-28,2.428093316632224,0.0
riacho_fundo_ii,2024-01-29,3.2124501449585114,0.0
riacho_fundo_ii,2024-01-30,2.9577077710069317,0.0
riacho_fundo_ii,2024-01-31,2.894381082081637,2.0
riacho_fundo_ii,2024-02-01,2.6303969770145965,0.0
riacho_fundo_ii,2024-02-02,2.7803535432948703,1.0
riacho_fundo_ii,2024-02-03,2.47624890461808,2.0
riacho_fundo_ii,2024-02-04,1.9564229642570428,0.0
riacho_fundo_ii,2024-02-05,2.9881454091988124,4.0
riacho_fundo_ii,2024-02-06,2.781203068438938,2.0
riacho_fundo_ii,2024-02-07,2.6606925102330945,1.0
riacho_fundo_ii,2024-02-08,2.6119485916414757,2.0
riacho_fundo_ii,2024-02-09,2.7713414290480003,2.0
riacho_fundo_ii,2024-02-10,2.461466570555455,3.0
riacho_fundo_ii,2024-02-11,1.9564229642570428,3.0
riacho_fundo_ii,2024-02-12,3.0244373301219376,3.0
riacho_fundo_ii,2024-02-13,2.8174949893620633,3.0
riacho_fundo_ii,2024-02-14,2.6969844311562197,0.0
samambaia,2023-12-16,1.9388049715035327,0.0
samambaia,2023-12-17,1.4637299286725685,0.0
samambaia,2023-12-18,2.023822827644889,2.0
samambaia,2023-12-19,1.8092550707369885,2.0
samambaia,2023-12-20,1.8268232273801701,0.0
samambaia,2023-12-21,1.7839951059679917,1.0
samambaia,2023-12-22,1.90457762455854,3.0
samambaia,2023-12-23,1.7332798749779539,0.0
samambaia,2023-12-24,1.4864076042569752,0.0
samambaia,2023-12-25,2.0633198408275546,0.0
samambaia,2023-12-26,1.8366297307196089,0.0
samambaia,2023-12-27,1.858050646340515,3.0
samambaia,2023-12-28,1.7963468717415825,0.0
samambaia,2023-12-29,1.9101752574087822,0.0
samambaia,2023-12-30,1.7340849433554828,0.0
samambaia,2023-12-31,1.4864076042569752,1.0
samambaia,2024-01-01,2.129769699221346,1.0
samambaia,2024-01-02,1.817672811035048,3.0
samambaia,2024-01-03,1.8075832535499083,2.0
samambaia,2024-01-04,1.7568510079605673,0.0
samambaia,2024-01-05,1.9042918482128435,1.0
samambaia,2024-01-06,1.8745392134439478,1.0
samambaia,2024-01-07,1.6155214074329205,0.0
samambaia,2024-01-08,2.8508289679319536,0.0
samambaia,2024-01-09,2.707972917410411,2.0
samambaia,2024-01-10,2.616886408086029,0.0
samambaia,2024-01-11,2.6318960644886915,3.0
samambaia,2024-01-12,2.9730085194038507,1.0
samambaia,2024-01-13,2.8033793972539662,0.0
samambaia,2024-01-14,2.4133109825695986,0.0
samambaia,2024-01-15,3.1595422511108726,0.0
samambaia,2024-01-16,2.9410917980824194,2.0
samambaia,2024-01-17,2.9412582207098055,1.0
samambaia,2024-01-18,2.8608257845314062,2.0
samambaia,2024-01-19,3.0752744595610872,1.0
samambaia,2024-01-20,2.762499468512795,1.0
samambaia,2024-01-21,2.5389089067536617,1.0
samambaia,2024-01-22,4.211186281621107,4.0
samambaia,2024-01-23,3.759318996964422,1.0
samambaia,2024-01-24,3.672130581691754,0.0
samambaia,2024-01-25,3.6469272477522257,0.0
samambaia,2024-01-26,3.7991806913867436,1.0
samambaia,2024-01-27,3.436979833434631,3.0
samambaia,2024-01-28,3.0015351541248094,3.0
samambaia,2024-01-29,4.625988129016998,3.0
samambaia,2024-01-30,4.223698238654702,7.0
samambaia,2024-01-31,3.929087887043775,2.0
samambaia,2024-02-01,3.6991856747566003,7.0
samambaia,2024-02-02,3.8232180874368504,6.0
samambaia,2024-02-03,3.5533325700910185,2.0
samambaia,2024-02-04,2.8688811281414393,4.0
samambaia,2024-02-05,4.614687072475345,13.0
samambaia,2024-02-06,3.9862217915720457,16.0
samambaia,2024-02-07,3.721388455675727,7.0
samambaia,2024-02-08,3.6320283630669974,8.0
samambaia,2024-02-09,3.790520284221765,5.0
samambaia,2024-02-10,3.358922292088814,14.0
samambaia,2024-02-11,2.826471789524618,2.0
samambaia,2024-02-12,4.581989269260259,8.0
samambaia,2024-02-13,3.9898159092800847,6.0
samambaia,2024-02-14,3.7576803765988522,8.0
samambaia,2024-02-15,3.6664878715415146,11.0
samambaia,2024-02-16,3.8344160638225335,8.0
santa_maria,2023-12-16,1.8219204564703861,0.0
santa_maria,2023-12-17,1.5904914803876515,0.0
santa_maria,2023-12-18,2.2577328615839862,2.0
santa_maria,2023-12-19,1.8337438735546054,0.0
santa_maria,2023-12-20,1.855098535814819,1.0
santa_maria,2023-12-21,1.7866463147440055,1.0
santa_maria,2023-12-22,2.451712285717037,1.0
santa_maria,2023-12-23,2.233441865219259,0.0
santa_maria,2023-12-24,1.9646825362341303,0.0
santa_maria,2023-12-25,2.7770974074477737,0.0
santa_maria,2023-12-26,2.7684623809765125,0.0
santa_maria,2023-12-27,2.839548119483848,0.0
santa_maria,2023-12-28,2.8311100811154586,2.0
santa_maria,2023-12-29,2.998501527858562,0.0
santa_maria,2023-12-30,2.6866253384600713,1.0
santa_maria,2023-12-31,2.3579544572449223,1.0
santa_maria,2024-01-01,3.256828345997037,0.0
santa_maria,2024-01-02,3.0370273074510923,1.0
santa_maria,2024-01-03,2.9376201772195794,1.0
santa_maria,2024-01-04,2.8644638280216324,0.0
santa_maria,2024-01-05,3.1224896465052088,0.0
santa_maria,2024-01-06,2.875215712349469,1.0
santa_maria,2024-01-07,2.428093316632224,0.0
santa_maria,2024-01-08,3.3462422287233142,0.0
santa_maria,2024-01-09,3.073533296329731,1.0
santa_maria,2024-01-10,2.892543687963483,1.0
santa_maria,2024-01-11,2.8943796628843486,0.0
santa_maria,2024-01-12,3.1569441733101797,0.0
santa_maria,2024-01-13,2.758828435532753,1.0
santa_maria,2024-01-14,2.5006734032222084,3.0
santa_maria,2024-01-15,4.301654583226051,3.0
santa_maria,2024-01-16,3.831072274535833,2.0
santa_maria,2024-01-17,3.753501580209582,2.0
santa_maria,2024-01-18,3.591011935909594,1.0
santa_maria,2024-01-19,3.9488144471807383,1.0
santa_maria,2024-01-20,3.3988542736496177,3.0
santa_maria,2024-01-21,3.0015351541248094,1.0
santa_maria,2024-01-22,4.606266275140152,3.0
santa_maria,2024-01-23,4.223698238654702,4.0
santa_maria,2024-01-24,3.925493769335735,4.0
santa_maria,2024-01-25,3.8443751235535752,4.0
santa_maria,2024-01-26,4.052543879030718,2.0
santa_maria,2024-01-27,3.6167974726818803,2.0
santa_maria,2024-01-28,3.179857522355926,1.0
santa_maria,2024-01-29,4.805805768264252,4.0
santa_maria,2024-01-30,4.292687962792914,7.0
santa_maria,2024-01-31,3.925493769335735,4.0
santa_maria,2024-02-01,3.6991856747566003,6.0
santa_maria,2024-02-02,3.8232180874368504,1.0
santa_maria,2024-02-03,3.353494535518887,6.0
santa_maria,2024-02-04,2.897295152524718,2.0
santa_maria,2024-02-05,4.7060929559373115,6.0
santa_maria,2024-02-06,4.022513712495168,7.0
santa_maria,2024-02-07,3.7576803765988522,8.0
santa_maria,2024-02-08,3.6320283630669974,5.0
santa_maria,2024-02-09,3.8344160638225335,2.0
santa_maria,2024-02-10,3.30905591198995,5.0
santa_maria,2024-02-11,2.8645973493096313,2.0
santa_maria,2024-02-12,4.581989269260259,5.0
santa_maria,2024-02-13,3.9898159092800847,5.0
santa_maria,2024-02-14,3.7576803765988522,8.0
santa_maria,2024-02-15,3.6664878715415146,12.0
santa_maria,2024-02-16,3.8344160638225335,4.0
sao_sebastiao,2023-12-18,2.153839815865224,1.0
sao_sebastiao,2023-12-19,1.9530767624999448,0.0
sao_sebastiao,2023-12-20,1.9649407528268625,2.0
sao_sebastiao,2023-12-21,1.7839951059679917,0.0
sao_sebastiao,2023-12-22,1.9025261624848726,0.0
sao_sebastiao,2023-12-23,1.7256307800540442,2.0
sao_sebastiao,2023-12-24,1.4864076042569752,0.0
sao_sebastiao,2023-12-25,2.0424761308282973,0.0
sao_sebastiao,2023-12-26,1.8419508455333535,0.0
sao_sebastiao,2023-12-27,1.8604196506285637,1.0
sao_sebastiao,2023-12-28,1.7963468717415825,0.0
sao_sebastiao,2023-12-29,1.8506864069549747,2.0
sao_sebastiao,2023-12-30,1.6955509944354548,0.0
sao_sebastiao,2023-12-31,1.4582015167883318,0.0
sao_sebastiao,2024-01-01,2.129769699221346,0.0
sao_sebastiao,2024-01-02,1.8721492464508944,1.0
sao_sebastiao,2024-01-03,1.8105353640756043,1.0
sao_sebastiao,2024-01-04,1.6866162202063733,2.0
sao_sebastiao,2024-01-05,1.899825342437438,3.0
sao_sebastiao,2024-01-06,1.7706492567955248,1.0
sao_sebastiao,2024-01-07,1.541562337894319,0.0
sao_sebastiao,2024-01-08,2.7905239628040364,0.0
sao_sebastiao,2024-01-09,2.7048385118198417,2.0
sao_sebastiao,2024-01-10,2.657941503667145,0.0
sao_sebastiao,2024-01-11,2.6110134211708917,1.0
sao_sebastiao,2024-01-12,2.9486304823668577,0.0
sao_sebastiao,2024-01-13,2.6525375936322786,1.0
sao_sebastiao,2024-01-14,2.4405958987550305,0.0
sao_sebastiao,2024-01-15,3.2155560259108436,2.0
sao_sebastiao,2024-01-16,2.9410917980824194,0.0
sao_sebastiao,2024-01-17,2.884500803755035,1.0
sao_sebastiao,2024-01-18,2.7831271809189464,1.0
sao_sebastiao,2024-01-19,2.982760581521601,0.0
sao_sebastiao,2024-01-20,2.819760185862168,0.0
sao_sebastiao,2024-01-21,2.4662188764172375,1.0
sao_sebastiao,2024-01-22,3.2487420658816366,0.0
sao_sebastiao,2024-01-23,3.0154554952981707,4.0
sao_sebastiao,2024-01-24,2.9376201772195794,1.0
sao_sebastiao,2024-01-25,2.839042492761578,2.0
sao_sebastiao,2024-01-26,2.982760581521601,5.0
sao_sebastiao,2024-01-27,2.875215712349469,0.0
sao_sebastiao,2024-01-28,2.428093316632224,6.0
sao_sebastiao,2024-01-29,3.2487420658816366,5.0
sao_sebastiao,2024-01-30,3.0154554952981707,3.0
sao_sebastiao,2024-01-31,2.858089161158512,4.0
sao_sebastiao,2024-02-01,2.664856485489114,0.0
sao_sebastiao,2024-02-02,2.8242493228956387,0.0
sao_sebastiao,2024-02-03,2.47624890461808,1.0
sao_sebastiao,2024-02-04,2.0474564178896975,3.0
sao_sebastiao,2024-02-05,2.9881454091988124,3.0
sao_sebastiao,2024-02-06,2.781203068438938,8.0
sao_sebastiao,2024-02-07,2.7901242641094535,1.0
sao_sebastiao,2024-02-08,2.577489083166958,6.0
sao_sebastiao,2024-02-09,2.7713414290480003,4.0
sao_sebastiao,2024-02-10,2.4233410107704416,4.0
sao_sebastiao,2024-02-11,1.9564229642570428,0.0
sao_sebastiao,2024-02-12,3.0244373301219376,2.0
sao_sebastiao,2024-02-13,2.8174949893620633,4.0
sao_sebastiao,2024-02-14,2.6969844311562197,0.0
sao_sebastiao,2024-02-15,2.6119485916414757,4.0
sao_sebastiao,2024-02-16,2.7713414290480003,3.0
sao_sebastiao,2024-02-17,2.461466570555455,4.0
sao_sebastiao,2024-02-18,1.9564229642570428,0.0
scia,2023-12-09,1.5771311832310493,0.0
scia,2023-12-10,1.4642709622635202,0.0
scia,2023-12-11,2.0329930703192383,0.0
scia,2023-12-12,1.7818970867339923,0.0
scia,2023-12-13,1.8189403470032808,0.0
scia,2023-12-14,1.7561005301255543,0.0
scia,2023-12-15,1.8350649884413066,0.0
scia,2023-12-16,1.6879018995115451,0.0
scia,2023-12-17,1.4582015167883318,0.0
scia,2023-12-18,2.0370962907295658,0.0
scia,2023-12-19,1.804574762318399,0.0
scia,2023-12-20,1.8230435674136092,0.0
scia,2023-12-21,1.7640728537153127,0.0
scia,2023-12-22,1.843037312031065,0.0
scia,2023-12-23,1.6674938054755788,0.0
scia,2023-12-24,1.4582015167883318,0.0
scia,2023-12-25,2.0370962907295658,0.0
scia,2023-12-26,1.804574762318399,0.0
scia,2023-12-27,1.8230435674136092,0.0
scia,2023-12-28,1.7640728537153127,0.0
scia,2023-12-29,1.843037312031065,0.0
scia,2023-12-30,1.6879018995115451,0.0
scia,2023-12-31,1.4582015167883318,0.0
scia,2024-01-01,2.03208684565263,1.0
scia,2024-01-02,1.7891632985841057,0.0
scia,2024-01-03,1.7299184204968643,0.0
scia,2024-01-04,1.6789671252824636,0.0
scia,2024-01-05,1.856112674521174,0.0
scia,2024-01-06,1.7327068086950166,0.0
scia,2024-01-07,1.5112689847177205,0.0
scia,2024-01-08,2.7544151535654153,0.0
scia,2024-01-09,2.6579613731916734,0.0
scia,2024-01-10,2.5784104876060776,0.0
scia,2024-01-11,2.589557617802778,0.0
scia,2024-01-12,2.8345484936224206,0.0
scia,2024-01-13,2.6525375936322786,0.0
scia,2024-01-14,2.4133109825695986,0.0
scia,2024-01-15,3.1595422511108726,0.0
scia,2024-01-16,2.904799877159294,0.0
scia,2024-01-17,2.8051812673108745,0.0
scia,2024-01-18,2.730219287071309,0.0
scia,2024-01-19,2.982760581521601,1.0
scia,2024-01-20,2.7243739087277814,0.0
scia,2024-01-21,2.4662188764172375,0.0
scia,2024-01-22,3.2124501449585114,0.0
scia,2024-01-23,2.9577077710069317,0.0
scia,2024-01-24,2.858089161158512,0.0
scia,2024-01-25,2.7831271809189464,0.0
scia,2024-01-26,2.982760581521601,0.0
scia,2024-01-27,2.762499468512795,1.0
scia,2024-01-28,2.4662188764172375,0.0
scia,2024-01-29,3.2124501449585114,0.0
scia,2024-01-30,2.9577077710069317,0.0
scia,2024-01-31,2.858089161158512,0.0
scia,2024-02-01,2.6303969770145965,0.0
scia,2024-02-02,2.7803535432948703,1.0
scia,2024-02-03,2.5143744644030934,0.0
scia,2024-02-04,2.0911277819372396,0.0
scia,2024-02-05,3.0244373301219376,0.0
scia,2024-02-06,2.8174949893620633,0.0
scia,2024-02-07,2.6969844311562197,0.0
scia,2024-02-08,2.6119485916414757,0.0
scia,2024-02-09,2.7713414290480003,1.0
sia,2023-12-01,1.7362300830996293,0.0
sia,2023-12-02,1.6934437257242803,0.0
sia,2023-12-03,1.4645349970500974,0.0
sia,2023-12-04,2.0424116539449364,0.0
sia,2023-12-05,1.7818970867339923,0.0
sia,2023-12-06,1.8447982321148957,0.0
sia,2023-12-07,1.7919674295577501,0.0
sia,2023-12-08,1.843037312031065,0.0
sia,2023-12-09,1.6674938054755788,0.0
sia,2023-12-10,1.4869486378479269,0.0
sia,2023-12-11,2.0370962907295658,0.0
sia,2023-12-12,1.834301750609444,0.0
sia,2023-12-13,1.8604196506285637,0.0
sia,2023-12-14,1.7996165244816598,0.0
sia,2023-12-15,1.8506864069549747,0.0
sia,2023-12-16,1.6955509944354548,0.0
sia,2023-12-17,1.4786096108242976,0.0
sia,2023-12-18,2.0633198408275546,1.0
sia,2023-12-19,1.8122238572423086,0.0
sia,2023-12-20,1.8306926623375188,0.0
sia,2023-12-21,1.7717219486392224,0.0
sia,2023-12-22,1.8506864069549747,0.0
sia,2023-12-23,1.6751429003994884,0.0
sia,2023-12-24,1.4582015167883318,0.0
sia,2023-12-25,2.0370962907295658,0.0
sia,2023-12-26,1.804574762318399,0.0
sia,2023-12-27,1.8230435674136092,0.0
sia,2023-12-28,1.7808148964407835,0.0
sia,2023-12-29,1.843037312031065,0.0
sia,2023-12-30,1.6674938054755788,0.0
sia,2023-12-31,1.4582015167883318,0.0
sia,2024-01-01,2.03208684565263,0.0
sia,2024-01-02,1.8176230128988162,0.0
sia,2024-01-03,1.7299184204968643,0.0
sia,2024-01-04,1.6789671252824636,0.0
sia,2024-01-05,1.856112674521174,0.0
sia,2024-01-06,1.7327068086950166,0.0
sia,2024-01-07,1.5112689847177205,0.0
sia,2024-01-08,2.7544151535654153,0.0
sia,2024-01-09,2.621669452268548,0.0
sia,2024-01-10,2.5784104876060776,0.0
sia,2024-01-11,2.5550981093282603,0.0
sia,2024-01-12,2.8345484936224206,0.0
sia,2024-01-13,2.6525375936322786,0.0
sia,2024-01-14,2.375185422784585,0.0
sia,2024-01-15,3.1595422511108726,0.0
sia,2024-01-16,2.962547601450533,0.0
sia,2024-01-17,2.8051812673108745,0.0
sia,2024-01-18,2.730219287071309,0.0
sia,2024-01-19,2.982760581521601,0.0
sia,2024-01-20,2.7243739087277814,0.0
sia,2024-01-21,2.428093316632224,1.0
sia,2024-01-22,3.2124501449585114,0.0
sia,2024-01-23,2.9577077710069317,0.0
sia,2024-01-24,2.858089161158512,0.0
sia,2024-01-25,2.7831271809189464,0.0
sia,2024-01-26,3.0266563611223694,0.0
sia,2024-01-27,2.762499468512795,0.0
sia,2024-01-28,2.428093316632224,0.0
sia,2024-01-29,3.2487420658816366,0.0
sia,2024-01-30,2.993999691930057,0.0
sia,2024-01-31,2.894381082081637,0.0
sia,2024-02-01,2.664856485489114,0.0
sistema_penitenciario,2022-07-04,3.6072152387023033,0.0
sistema_penitenciario,2022-07-05,3.5470796104189897,0.0
sistema_penitenciario,2022-07-06,3.47420975142779,0.0
sistema_penitenciario,2022-07-07,3.434574184680366,0.0
sistema_penitenciario,2022-07-08,3.510010732864668,0.0
sistema_penitenciario,2022-07-09,3.380552947666104,0.0
sistema_penitenciario,2022-07-10,1.9149451434170626,0.0
sistema_penitenciario,2022-07-11,3.513522472542605,0.0
sistema_penitenciario,2022-07-12,3.2976041352882364,0.0
sistema_penitenciario,2022-07-13,3.0784275919136395,0.0
sistema_penitenciario,2022-07-14,2.9555798558552584,0.0
sistema_penitenciario,2022-07-15,3.153548410073301,0.0
sistema_penitenciario,2022-07-16,2.717732018026536,0.0
sistema_penitenciario,2022-07-17,2.334426993782458,0.0
sistema_penitenciario,2022-07-18,3.442235870486129,0.0
sistema_penitenciario,2022-07-19,2.969982999069543,0.0
sistema_penitenciario,2022-07-20,2.8792012600077928,0.0
sistema_penitenciario,2022-07-21,2.727844183070128,0.0
sistema_penitenciario,2022-07-22,2.84456322372218,0.0
sistema_penitenciario,2022-07-23,2.5224551784809432,0.0
sistema_penitenciario,2022-07-24,2.18176431098862,0.0
sistema_penitenciario,2022-07-25,3.110872403407981,0.0
sistema_penitenciario,2022-07-26,2.8450613835174754,0.0
sistema_penitenciario,2022-07-27,2.7579176879459513,0.0
sistema_penitenciario,2022-07-28,2.6749362892224906,0.0
sistema_penitenciario,2022-07-29,2.7916553298745423,0.0
sistema_penitenciario,2022-07-30,2.4977875852776856,0.0
sistema_penitenciario,2022-07-31,1.995420638662964,0.0
sistema_penitenciario,2022-08-01,3.1346545336756884,0.0
sistema_penitenciario,2022-08-02,2.945210214617546,0.0
sistema_penitenciario,2022-08-03,2.8938276529120155,0.0
sistema_penitenciario,2022-08-04,2.775085120322561,0.0
sistema_penitenciario,2022-08-05,2.877834303039463,0.0
sistema_penitenciario,2022-08-06,2.5710683726157,0.0
sistema_penitenciario,2022-08-07,2.1555820367482457,0.0
sistema_penitenciario,2022-08-08,3.1416890771655357,0.0
sistema_penitenciario,2022-08-09,2.9809713484835396,0.0
sistema_penitenciario,2022-08-10,2.895625713945481,0.0
sistema_penitenciario,2022-08-11,2.775085120322561,0.0
sistema_penitenciario,2022-08-12,2.877834303039463,0.0
sistema_penitenciario,2022-08-13,2.496272904240569,0.0
sistema_penitenciario,2022-08-14,1.9861079641931687,0.0
sistema_penitenciario,2022-08-15,3.1704797790838795,0.0
sistema_penitenciario,2022-08-16,2.982769409517005,0.0
sistema_penitenciario,2022-08-17,2.8919876704552547,0.0
sistema_penitenciario,2022-08-18,2.8108119027734126,0.0
sistema_penitenciario,2022-08-19,2.877834303039463,0.0
sistema_penitenciario,2022-08-20,2.496272904240569,0.0
sistema_penitenciario,2022-08-21,2.0226872918611805,0.0
sistema_penitenciario,2022-08-22,3.1610611954581813,0.0
sistema_penitenciario,2022-08-23,2.971616876400039,0.0
sistema_penitenciario,2022-08-24,2.8580665190460217,0.0
sistema_penitenciario,2022-08-25,2.7996593696564465,0.0
sistema_penitenciario,2022-08-26,2.877834303039463,0.0
sistema_penitenciario,2022-08-27,2.5738090035244894,0.0
sistema_penitenciario,2022-08-28,2.1208127818733646,0.0
sistema_penitenciario,2022-08-29,3.1704797790838795,0.0
sistema_penitenciario,2022-08-30,2.982769409517005,0.0
sistema_penitenciario,2022-08-31,2.895625713945481,0.0
sistema_penitenciario,2022-09-01,2.8108119027734126,0.0
sistema_penitenciario,2022-09-02,2.9501596516871693,0.0
sistema_penitenciario,2022-09-03,2.615735926920159,0.0
sistema_penitenciario,2022-09-04,2.2019609763653847,0.0
sobradinho,2023-12-18,2.164844024124722,2.0
sobradinho,2023-12-19,1.8210083122059408,1.0
sobradinho,2023-12-20,1.8474494408909095,1.0
sobradinho,2023-12-21,1.7866463147440055,2.0
sobradinho,2023-12-22,1.9025261624848726,2.0
sobradinho,2023-12-23,1.7332798749779539,2.0
sobradinho,2023-12-24,1.4807208044212992,0.0
sobradinho,2023-12-25,2.052098136079538,0.0
sobradinho,2023-12-26,1.8366297307196089,3.0
sobradinho,2023-12-27,1.8571499978884864,1.0
sobradinho,2023-12-28,1.7942954096679151,0.0
sobradinho,2023-12-29,1.9122267194824496,0.0
sobradinho,2023-12-30,1.7312284129042865,3.0
sobradinho,2023-12-31,1.4864076042569752,0.0
sobradinho,2024-01-01,2.129769699221346,1.0
sobradinho,2024-01-02,1.8467279111908401,3.0
sobradinho,2024-01-03,1.7874830331035987,0.0
sobradinho,2024-01-04,1.7601206607006445,2.0
sobradinho,2024-01-05,1.9383481144857275,1.0
sobradinho,2024-01-06,1.8724877513702805,3.0
sobradinho,2024-01-07,1.5112689847177205,0.0
sobradinho,2024-01-08,2.8320291084507105,2.0
sobradinho,2024-01-09,2.671680996487286,0.0
sobradinho,2024-01-10,2.6361582118973166,2.0
sobradinho,2024-01-11,2.5550981093282603,1.0
sobradinho,2024-01-12,2.927062371661907,3.0
sobradinho,2024-01-13,2.8033793972539662,2.0
sobradinho,2024-01-14,2.4872700521082005,4.0
sobradinho,2024-01-15,3.1958341720339978,1.0
sobradinho,2024-01-16,2.9843308932203616,3.0
sobradinho,2024-01-17,2.9367195287675507,2.0
sobradinho,2024-01-18,2.7831271809189464,4.0
sobradinho,2024-01-19,3.121220607303031,3.0
sobradinho,2024-01-20,2.8764847515516467,2.0
sobradinho,2024-01-21,2.5401779459558393,3.0
sobradinho,2024-01-22,4.211186281621107,4.0
sobradinho,2024-01-23,3.8388500130254894,2.0
sobradinho,2024-01-24,3.672130581691754,2.0
sobradinho,2024-01-25,3.625471444384112,4.0
sobradinho,2024-01-26,3.9488144471807383,7.0
sobradinho,2024-01-27,3.3988542736496177,2.0
sobradinho,2024-01-28,3.0015351541248094,0.0
sobradinho,2024-01-29,4.569974354217027,3.0
sobradinho,2024-01-30,4.281445962945942,6.0
sobradinho,2024-01-31,3.9505436904118887,8.0
sobradinho,2024-02-01,3.6647261662820827,6.0
sobradinho,2024-02-02,3.8671138670376197,5.0
sobradinho,2024-02-03,3.5075219063170584,6.0
sobradinho,2024-02-04,3.0328943870641467,6.0
sobradinho,2024-02-05,4.7060929559373115,13.0
sobradinho,2024-02-06,3.9862217915720457,12.0
sobradinho,2024-02-07,3.7903781798139367,12.0
sobradinho,2024-02-08,3.6991856747566003,17.0
sobradinho,2024-02-09,3.8232180874368504,9.0
sobradinho,2024-02-10,3.3916200953039004,8.0
sobradinho,2024-02-11,2.826471789524618,4.0
sobradinho,2024-02-12,4.581989269260259,10.0
sobradinho,2024-02-13,3.9898159092800847,9.0
sobradinho,2024-02-14,3.7576803765988522,14.0
sobradinho,2024-02-15,3.6664878715415146,14.0
sobradinho,2024-02-16,3.8344160638225335,18.0
sobradinho,2024-02-17,3.30905591198995,11.0
sobradinho,2024-02-18,2.826471789524618,0.0
sobradinho_ii,2023-12-17,1.4124671337013208,0.0
sobradinho_ii,2023-12-18,2.0424116539449364,0.0
sobradinho_ii,2023-12-19,1.80835442228496,2.0
sobradinho_ii,2023-12-20,1.8268232273801701,3.0
sobradinho_ii,2023-12-21,1.781626101679943,0.0
sobradinho_ii,2023-12-22,1.8974351276799286,0.0
sobradinho_ii,2023-12-23,1.7256307800540442,0.0
sobradinho_ii,2023-12-24,1.4869486378479269,0.0
sobradinho_ii,2023-12-25,2.0727384244532527,0.0
sobradinho_ii,2023-12-26,1.8386811927932762,0.0
sobradinho_ii,2023-12-27,1.858050646340515,1.0
sobradinho_ii,2023-12-28,1.7996165244816598,0.0
sobradinho_ii,2023-12-29,1.9050842226038383,0.0
sobradinho_ii,2023-12-30,1.6955509944354548,1.0
sobradinho_ii,2023-12-31,1.4786096108242976,1.0
sobradinho_ii,2024-01-01,2.087917508768097,0.0
sobradinho_ii,2024-01-02,1.8252721078227259,0.0
sobradinho_ii,2024-01-03,1.737567515420774,2.0
sobradinho_ii,2024-01-04,1.7568510079605673,0.0
sobradinho_ii,2024-01-05,1.8921762475135284,0.0
sobradinho_ii,2024-01-06,1.8668901185200382,2.0
sobradinho_ii,2024-01-07,1.5688472540797511,1.0
sobradinho_ii,2024-01-08,2.762064248489325,0.0
sobradinho_ii,2024-01-09,2.7048385118198417,0.0
sobradinho_ii,2024-01-10,2.661579547157371,0.0
sobradinho_ii,2024-01-11,2.63279671294072,0.0
sobradinho_ii,2024-01-12,2.8345484936224206,1.0
sobradinho_ii,2024-01-13,2.747923870766665,0.0
sobradinho_ii,2024-01-14,2.375185422784585,0.0
sobradinho_ii,2024-01-15,3.1595422511108726,2.0
sobradinho_ii,2024-01-16,2.9879689367105877,0.0
sobradinho_ii,2024-01-17,2.8414731882339996,0.0
sobradinho_ii,2024-01-18,2.817586689393464,1.0
sobradinho_ii,2024-01-19,3.0266563611223694,2.0
sobradinho_ii,2024-01-20,2.819760185862168,0.0
sobradinho_ii,2024-01-21,2.4662188764172375,0.0
sobradinho_ii,2024-01-22,3.2124501449585114,1.0
sobradinho_ii,2024-01-23,2.9577077710069317,2.0
sobradinho_ii,2024-01-24,2.915836885449751,0.0
sobradinho_ii,2024-01-25,2.7831271809189464,1.0
sobradinho_ii,2024-01-26,3.0266563611223694,1.0
sobradinho_ii,2024-01-27,2.762499468512795,1.0
sobradinho_ii,2024-01-28,2.4935037926026693,2.0
sobradinho_ii,2024-01-29,3.2684639197584824,2.0
sobradinho_ii,2024-01-30,2.993999691930057,0.0
sobradinho_ii,2024-01-31,2.858089161158512,1.0
sobradinho_ii,2024-02-01,2.6303969770145965,2.0
sobradinho_ii,2024-02-02,2.8242493228956387,4.0
sobradinho_ii,2024-02-03,2.47624890461808,3.0
sobradinho_ii,2024-02-04,2.009330858104684,1.0
sobradinho_ii,2024-02-05,2.9881454091988124,3.0
sobradinho_ii,2024-02-06,2.781203068438938,3.0
sobradinho_ii,2024-02-07,2.6606925102330945,1.0
sobradinho_ii,2024-02-08,2.577489083166958,2.0
sobradinho_ii,2024-02-09,2.7713414290480003,1.0
sobradinho_ii,2024-02-10,2.4233410107704416,4.0
sobradinho_ii,2024-02-11,1.9564229642570428,0.0
sobradinho_ii,2024-02-12,3.0244373301219376,2.0
sobradinho_ii,2024-02-13,2.8174949893620633,3.0
sobradinho_ii,2024-02-14,2.6969844311562197,5.0
sobradinho_ii,2024-02-15,2.6119485916414757,5.0
sobradinho_ii,2024-02-16,2.7713414290480003,2.0
sobradinho_ii,2024-02-17,2.461466570555455,2.0
sudoeste_octogonal,2023-12-18,2.670239216094841,3.0
sudoeste_octogonal,2023-12-19,2.430229081307051,2.0
sudoeste_octogonal,2023-12-20,2.2458690983355134,0.0
sudoeste_octogonal,2023-12-21,2.168072303102648,4.0
sudoeste_octogonal,2023-12-22,2.5289821746051215,3.0
sudoeste_octogonal,2023-12-23,2.0421346531599256,0.0
sudoeste_octogonal,2023-12-24,1.602581575059986,0.0
sudoeste_octogonal,2023-12-25,3.0566025496134808,0.0
sudoeste_octogonal,2023-12-26,2.82534735837793,2.0
sudoeste_octogonal,2023-12-27,2.8034424317119626,5.0
sudoeste_octogonal,2023-12-28,2.7950043933435733,3.0
sudoeste_octogonal,2023-12-29,2.998501527858562,1.0
sudoeste_octogonal,2023-12-30,2.6845738763864038,4.0
sudoeste_octogonal,2023-12-31,2.355097926793726,0.0
sudoeste_octogonal,2024-01-01,3.2684639197584824,0.0
sudoeste_octogonal,2024-01-02,3.0154554952981707,1.0
sudoeste_octogonal,2024-01-03,2.9376201772195794,0.0
sudoeste_octogonal,2024-01-04,2.8644638280216324,3.0
sudoeste_octogonal,2024-01-05,3.1224896465052088,2.0
sudoeste_octogonal,2024-01-06,2.762499468512795,0.0
sudoeste_octogonal,2024-01-07,2.5401779459558393,1.0
sudoeste_octogonal,2024-01-08,4.245640808426079,4.0
sudoeste_octogonal,2024-01-09,3.7956109178875472,6.0
sudoeste_octogonal,2024-01-10,3.705658236092466,5.0
sudoeste_octogonal,2024-01-11,3.668710539522054,2.0
sudoeste_octogonal,2024-01-12,3.9015992602366167,2.0
sudoeste_octogonal,2024-01-13,3.56086980728387,1.0
sudoeste_octogonal,2024-01-14,3.0654503590791173,1.0
sudoeste_octogonal,2024-01-15,4.569974354217027,2.0
sudoeste_octogonal,2024-01-16,4.223698238654702,2.0
sudoeste_octogonal,2024-01-17,3.983241493626972,2.0
sudoeste_octogonal,2024-01-18,3.900290435396208,3.0
sudoeste_octogonal,2024-01-19,4.052543879030718,5.0
sudoeste_octogonal,2024-01-20,3.6666638527807445,2.0
sudoeste_octogonal,2024-01-21,3.217983082140939,2.0
sudoeste_octogonal,2024-01-22,4.74979199346428,3.0
sudoeste_octogonal,2024-01-23,4.256396041869788,6.0
sudoeste_octogonal,2024-01-24,4.008662828887023,1.0
sudoeste_octogonal,2024-01-25,3.8443751235535752,3.0
sudoeste_octogonal,2024-01-26,4.096439658631487,3.0
sudoeste_octogonal,2024-01-27,3.733829260940504,2.0
sudoeste_octogonal,2024-01-28,3.179857522355926,3.0
sudoeste_octogonal,2024-01-29,4.786083914387405,9.0
sudoeste_octogonal,2024-01-30,4.256396041869788,4.0
sudoeste_octogonal,2024-01-31,3.925493769335735,6.0
sudoeste_octogonal,2024-02-01,3.6647261662820827,5.0
sudoeste_octogonal,2024-02-02,4.024239439238983,3.0
sudoeste_octogonal,2024-02-03,3.3916200953039004,4.0
sudoeste_octogonal,2024-02-04,2.9962640982952697,2.0
sudoeste_octogonal,2024-02-05,4.720600389281847,18.0
sudoeste_octogonal,2024-02-06,4.022513712495168,11.0
sudoeste_octogonal,2024-02-07,3.7903781798139367,14.0
sudoeste_octogonal,2024-02-08,3.6647261662820827,10.0
sudoeste_octogonal,2024-02-09,4.060540724267583,8.0
sudoeste_octogonal,2024-02-10,3.341753715205036,6.0
sudoeste_octogonal,2024-02-11,2.8591695927397045,3.0
sudoeste_octogonal,2024-02-12,4.673395152722225,4.0
sudoeste_octogonal,2024-02-13,3.9898159092800847,3.0
sudoeste_octogonal,2024-02-14,3.7576803765988522,11.0
sudoeste_octogonal,2024-02-15,3.6664878715415146,11.0
sudoeste_octogonal,2024-02-16,3.991541636023902,15.0
sudoeste_octogonal,2024-02-17,3.30905591198995,10.0
sudoeste_octogonal,2024-02-18,2.8645973493096313,4.0
taguatinga,2023-12-17,1.4202651271339983,0.0
taguatinga,2023-12-18,2.0092635031549775,4.0
taguatinga,2023-12-19,1.8063029602112926,0.0
taguatinga,2023-12-20,1.8247717653065028,3.0
taguatinga,2023-12-21,1.778673991154247,3.0
taguatinga,2023-12-22,1.8966053009687815,5.0
taguatinga,2023-12-23,1.7256307800540442,0.0
taguatinga,2023-12-24,1.4864076042569752,2.0
taguatinga,2023-12-25,2.0424761308282973,3.0
taguatinga,2023-12-26,1.8366297307196089,2.0
taguatinga,2023-12-27,1.855098535814819,0.0
taguatinga,2023-12-28,1.7963468717415825,1.0
taguatinga,2023-12-29,1.9050842226038383,1.0
taguatinga,2023-12-30,1.7237704962325966,1.0
taguatinga,2023-12-31,1.4864076042569752,0.0
taguatinga,2024-01-01,2.129769699221346,0.0
taguatinga,2024-01-02,1.8721492464508944,2.0
taguatinga,2024-01-03,1.737567515420774,0.0
taguatinga,2024-01-04,1.7346993254405902,0.0
taguatinga,2024-01-05,1.9855633014298486,2.0
taguatinga,2024-01-06,1.8745392134439478,2.0
taguatinga,2024-01-07,1.541562337894319,1.0
taguatinga,2024-01-08,2.8508289679319536,0.0
taguatinga,2024-01-09,2.7503113640963246,3.0
taguatinga,2024-01-10,2.657941503667145,1.0
taguatinga,2024-01-11,2.5550981093282603,6.0
taguatinga,2024-01-12,2.8345484936224206,4.0
taguatinga,2024-01-13,2.8033793972539662,1.0
taguatinga,2024-01-14,2.4405958987550305,1.0
taguatinga,2024-01-15,3.1958341720339978,4.0
taguatinga,2024-01-16,2.9879689367105877,2.0
taguatinga,2024-01-17,2.8051812673108745,2.0
taguatinga,2024-01-18,2.7831271809189464,3.0
taguatinga,2024-01-19,3.1283631041816427,1.0
taguatinga,2024-01-20,2.7243739087277814,2.0
taguatinga,2024-01-21,2.4935037926026693,2.0
taguatinga,2024-01-22,3.2684639197584824,5.0
taguatinga,2024-01-23,2.9577077710069317,4.0
taguatinga,2024-01-24,2.894381082081637,3.0
taguatinga,2024-01-25,2.817586689393464,6.0
taguatinga,2024-01-26,3.0266563611223694,3.0
taguatinga,2024-01-27,2.7243739087277814,6.0
taguatinga,2024-01-28,2.4662188764172375,3.0
taguatinga,2024-01-29,3.2124501449585114,13.0
taguatinga,2024-01-30,2.9577077710069317,6.0
taguatinga,2024-01-31,2.915836885449751,7.0
taguatinga,2024-02-01,2.757996318442348,13.0
taguatinga,2024-02-02,2.7803535432948703,8.0
taguatinga,2024-02-03,2.5143744644030934,12.0
taguatinga,2024-02-04,2.1440356757848784,6.0
taguatinga,2024-02-05,3.0244373301219376,20.0
taguatinga,2024-02-06,2.781203068438938,16.0
taguatinga,2024-02-07,2.6606925102330945,15.0
taguatinga,2024-02-08,2.6119485916414757,14.0
taguatinga,2024-02-09,2.727445649447232,16.0
taguatinga,2024-02-10,2.4233410107704416,10.0
taguatinga,2024-02-11,1.9564229642570428,7.0
taguatinga,2024-02-12,3.0244373301219376,13.0
taguatinga,2024-02-13,2.8174949893620633,11.0
taguatinga,2024-02-14,2.6969844311562197,16.0
taguatinga,2024-02-15,2.6119485916414757,28.0
taguatinga,2024-02-16,2.7713414290480003,22.0
taguatinga,2024-02-17,2.461466570555455,13.0
varjao,2023-12-15,1.7362300830996293,0.0
varjao,2023-12-16,1.644816129891172,0.0
varjao,2023-12-17,1.435523841203925,0.0
varjao,2023-12-18,2.0329930703192383,0.0
varjao,2023-12-19,1.7818970867339923,1.0
varjao,2023-12-20,1.8150712438238508,0.0
varjao,2023-12-21,1.7561005301255543,0.0
varjao,2023-12-22,1.8692156258827868,0.0
varjao,2023-12-23,1.6674938054755788,0.0
varjao,2023-12-24,1.4786096108242976,0.0
varjao,2023-12-25,2.0556707459036447,0.0
varjao,2023-12-26,1.8231492174924773,0.0
varjao,2023-12-27,1.8416180225876875,0.0
varjao,2023-12-28,1.7808148964407835,0.0
varjao,2023-12-29,1.8506864069549747,0.0
varjao,2023-12-30,1.6674938054755788,0.0
varjao,2023-12-31,1.4582015167883318,0.0
varjao,2024-01-01,2.03208684565263,0.0
varjao,2024-01-02,1.7891632985841057,0.0
varjao,2024-01-03,1.7299184204968643,0.0
varjao,2024-01-04,1.6789671252824636,0.0
varjao,2024-01-05,1.856112674521174,0.0
varjao,2024-01-06,1.7630001618716151,0.0
varjao,2024-01-07,1.5112689847177205,2.0
varjao,2024-01-08,2.7544151535654153,2.0
varjao,2024-01-09,2.621669452268548,0.0
varjao,2024-01-10,2.5784104876060776,1.0
varjao,2024-01-11,2.5550981093282603,1.0
varjao,2024-01-12,2.8345484936224206,0.0
varjao,2024-01-13,2.747923870766665,1.0
varjao,2024-01-14,2.375185422784585,0.0
varjao,2024-01-15,3.1595422511108726,1.0
varjao,2024-01-16,2.904799877159294,0.0
varjao,2024-01-17,2.8051812673108745,0.0
varjao,2024-01-18,2.7861345989139403,0.0
varjao,2024-01-19,2.982760581521601,1.0
varjao,2024-01-20,2.7243739087277814,1.0
varjao,2024-01-21,2.4935037926026693,0.0
varjao,2024-01-22,3.2124501449585114,0.0
varjao,2024-01-23,2.9577077710069317,1.0
varjao,2024-01-24,2.894381082081637,0.0
varjao,2024-01-25,2.7831271809189464,0.0
varjao,2024-01-26,2.982760581521601,0.0
varjao,2024-01-27,2.7243739087277814,0.0
varjao,2024-01-28,2.428093316632224,0.0
varjao,2024-01-29,3.290247211528311,0.0
varjao,2024-01-30,2.993999691930057,0.0
varjao,2024-01-31,2.858089161158512,0.0
varjao,2024-02-01,2.6303969770145965,0.0
varjao,2024-02-02,2.7803535432948703,0.0
varjao,2024-02-03,2.47624890461808,0.0
varjao,2024-02-04,1.9564229642570428,1.0
varjao,2024-02-05,2.9881454091988124,0.0
varjao,2024-02-06,2.781203068438938,0.0
varjao,2024-02-07,2.6606925102330945,0.0
varjao,2024-02-08,2.577489083166958,1.0
varjao,2024-02-09,2.7713414290480003,0.0
varjao,2024-02-10,2.461466570555455,0.0
varjao,2024-02-11,1.9564229642570428,1.0
varjao,2024-02-12,3.0244373301219376,0.0
varjao,2024-02-13,2.8174949893620633,1.0
varjao,2024-02-14,2.6969844311562197,1.0
varjao,2024-02-15,2.6119485916414757,0.0
vicente_pires,2023-12-14,1.8396724225128114,0.0
vicente_pires,2023-12-15,2.0346051350394165,0.0
vicente_pires,2023-12-16,1.8219204564703861,0.0
vicente_pires,2023-12-17,1.5904914803876515,0.0
vicente_pires,2023-12-18,2.138338062525408,0.0
vicente_pires,2023-12-19,1.834301750609444,2.0
vicente_pires,2023-12-20,1.8504015514166055,0.0
vicente_pires,2023-12-21,2.3193723687967265,1.0
vicente_pires,2023-12-22,2.4845562304749054,0.0
vicente_pires,2023-12-23,2.233441865219259,0.0
vicente_pires,2023-12-24,1.9232557336484966,0.0
vicente_pires,2023-12-25,2.8470740873230542,0.0
vicente_pires,2023-12-26,2.7677732121413907,0.0
vicente_pires,2023-12-27,2.7922898985949964,1.0
vicente_pires,2023-12-28,2.719692545022417,0.0
vicente_pires,2023-12-29,2.840073275949977,0.0
vicente_pires,2023-12-30,2.683884707551282,1.0
vicente_pires,2023-12-31,2.3157225862817636,1.0
vicente_pires,2024-01-01,3.2155560259108436,1.0
vicente_pires,2024-01-02,2.962547601450533,0.0
vicente_pires,2024-01-03,2.9367195287675507,1.0
vicente_pires,2024-01-04,2.817586689393464,1.0
vicente_pires,2024-01-05,3.1224896465052088,0.0
vicente_pires,2024-01-06,2.8764847515516467,0.0
vicente_pires,2024-01-07,2.4935037926026693,0.0
vicente_pires,2024-01-08,3.293885255018537,1.0
vicente_pires,2024-01-09,3.0707926654209414,1.0
vicente_pires,2024-01-10,2.9757127475147764,0.0
vicente_pires,2024-01-11,2.8175817077239174,0.0
vicente_pires,2024-01-12,3.155675134108002,3.0
vicente_pires,2024-01-13,2.7969539953177662,1.0
vicente_pires,2024-01-14,2.462547843437195,0.0
vicente_pires,2024-01-15,3.3029184465634533,0.0
vicente_pires,2024-01-16,2.9921622978119027,2.0
vicente_pires,2024-01-17,2.9720747040245503,3.0
vicente_pires,2024-01-18,2.7831271809189464,2.0
vicente_pires,2024-01-19,2.982760581521601,1.0
vicente_pires,2024-01-20,2.819760185862168,1.0
vicente_pires,2024-01-21,2.428093316632224,1.0
vicente_pires,2024-01-22,3.293885255018537,6.0
vicente_pires,2024-01-23,3.0363381386159705,0.0
vicente_pires,2024-01-24,2.894381082081637,1.0
vicente_pires,2024-01-25,2.7831271809189464,0.0
vicente_pires,2024-01-26,3.0266563611223694,0.0
vicente_pires,2024-01-27,2.819760185862168,1.0
vicente_pires,2024-01-28,2.4662188764172375,2.0
vicente_pires,2024-01-29,3.2124501449585114,2.0
vicente_pires,2024-01-30,2.9577077710069317,4.0
vicente_pires,2024-01-31,2.858089161158512,3.0
vicente_pires,2024-02-01,2.6303969770145965,2.0
vicente_pires,2024-02-02,2.8242493228956387,1.0
vicente_pires,2024-02-03,2.47624890461808,1.0
vicente_pires,2024-02-04,2.0935174698126104,1.0
vicente_pires,2024-02-05,3.0244373301219376,5.0
vicente_pires,2024-02-06,2.8174949893620633,3.0
vicente_pires,2024-02-07,2.6606925102330945,6.0
vicente_pires,2024-02-08,2.6119485916414757,6.0
vicente_pires,2024-02-09,2.7713414290480003,1.0
vicente_pires,2024-02-10,2.461466570555455,5.0
vicente_pires,2024-02-11,1.9945485240420584,2.0
vicente_pires,2024-02-12,3.0244373301219376,2.0
vicente_pires,2024-02-13,2.8174949893620633,2.0
vicente_pires,2024-02-14,2.6969844311562197,8.0
