unique_id,ds,XGBRegressor,y
aguas_claras,2023-12-18,3.1054697,3.0
aguas_claras,2023-12-19,2.717628,3.0
aguas_claras,2023-12-20,2.4637966,2.0
aguas_claras,2023-12-21,2.4160037,3.0
aguas_claras,2023-12-22,2.3799806,2.0
aguas_claras,2023-12-23,2.2119439,3.0
aguas_claras,2023-12-24,2.2157829,0.0
aguas_claras,2023-12-25,3.1734743,2.0
aguas_claras,2023-12-26,2.9505572,6.0
aguas_claras,2023-12-27,2.679021,3.0
aguas_claras,2023-12-28,2.6968508,3.0
aguas_claras,2023-12-29,2.5885272,0.0
aguas_claras,2023-12-30,2.3155816,3.0
aguas_claras,2023-12-31,2.040602,1.0
aguas_claras,2024-01-01,3.7409205,1.0
aguas_claras,2024-01-02,3.7809176,1.0
aguas_claras,2024-01-03,4.0535374,1.0
aguas_claras,2024-01-04,3.218515,5.0
aguas_claras,2024-01-05,3.757208,4.0
aguas_claras,2024-01-06,3.6023824,1.0
aguas_claras,2024-01-07,3.5426426,2.0
aguas_claras,2024-01-08,4.5697207,7.0
aguas_claras,2024-01-09,4.845418,6.0
aguas_claras,2024-01-10,4.2407084,3.0
aguas_claras,2024-01-11,5.0452404,3.0
aguas_claras,2024-01-12,5.173598,3.0
aguas_claras,2024-01-13,4.506467,5.0
aguas_claras,2024-01-14,4.1020083,2.0
aguas_claras,2024-01-15,5.639334,5.0
aguas_claras,2024-01-16,5.2380915,4.0
aguas_claras,2024-01-17,5.92994,8.0
aguas_claras,2024-01-18,5.3152533,8.0
aguas_claras,2024-01-19,5.4765697,4.0
aguas_claras,2024-01-20,5.5056324,4.0
aguas_claras,2024-01-21,4.5022607,3.0
aguas_claras,2024-01-22,6.3193784,6.0
aguas_claras,2024-01-23,6.348627,2.0
aguas_claras,2024-01-24,6.336364,10.0
aguas_claras,2024-01-25,6.3200407,5.0
aguas_claras,2024-01-26,6.7276464,6.0
aguas_claras,2024-01-27,6.245182,4.0
aguas_claras,2024-01-28,5.397309,1.0
aguas_claras,2024-01-29,7.820114,8.0
aguas_claras,2024-01-30,7.5283713,9.0
aguas_claras,2024-01-31,7.326513,11.0
aguas_claras,2024-02-01,6.676706,13.0
aguas_claras,2024-02-02,6.814103,14.0
aguas_claras,2024-02-03,6.041104,6.0
aguas_claras,2024-02-04,5.0211735,6.0
aguas_claras,2024-02-05,7.837146,12.0
aguas_claras,2024-02-06,6.73854,21.0
aguas_claras,2024-02-07,6.2732434,18.0
aguas_claras,2024-02-08,6.295113,23.0
aguas_claras,2024-02-09,6.575553,16.0
aguas_claras,2024-02-10,5.64706,13.0
aguas_claras,2024-02-11,4.6898584,3.0
aguas_claras,2024-02-12,7.4754167,10.0
aguas_claras,2024-02-13,6.6240044,13.0
aguas_claras,2024-02-14,6.025915,30.0
aguas_claras,2024-02-15,5.981848,31.0
aguas_claras,2024-02-16,6.1071267,31.0
aguas_claras,2024-02-17,5.4831114,18.0
aguas_claras,2024-02-18,4.42884,12.0
arniqueira,2023-12-02,1.4879012,0.0
arniqueira,2023-12-03,1.425936,0.0
arniqueira,2023-12-04,1.9298244,0.0
arniqueira,2023-12-05,1.6783233,0.0
arniqueira,2023-12-06,1.6698799,0.0
arniqueira,2023-12-07,1.7209771,0.0
arniqueira,2023-12-08,1.6614938,0.0
arniqueira,2023-12-09,1.5837269,0.0
arniqueira,2023-12-10,1.3981607,0.0
arniqueira,2023-12-11,2.1512275,0.0
arniqueira,2023-12-12,1.9173949,0.0
arniqueira,2023-12-13,1.8385305,0.0
arniqueira,2023-12-14,1.8518903,0.0
arniqueira,2023-12-15,1.7924078,0.0
arniqueira,2023-12-16,1.6193106,0.0
arniqueira,2023-12-17,1.4872408,0.0
arniqueira,2023-12-18,2.1964116,0.0
arniqueira,2023-12-19,1.9473205,0.0
arniqueira,2023-12-20,1.880399,0.0
arniqueira,2023-12-21,1.8518903,0.0
arniqueira,2023-12-22,1.7924078,1.0
arniqueira,2023-12-23,1.6193106,0.0
arniqueira,2023-12-24,1.4872408,0.0
arniqueira,2023-12-25,2.0993695,0.0
arniqueira,2023-12-26,1.9473205,0.0
arniqueira,2023-12-27,1.880399,1.0
arniqueira,2023-12-28,1.8518903,0.0
arniqueira,2023-12-29,1.8342767,0.0
arniqueira,2023-12-30,1.6193106,0.0
arniqueira,2023-12-31,1.4511528,1.0
arniqueira,2024-01-01,2.4394455,0.0
arniqueira,2024-01-02,2.038354,0.0
arniqueira,2024-01-03,2.00949,0.0
arniqueira,2024-01-04,1.99676,0.0
arniqueira,2024-01-05,2.0698445,0.0
arniqueira,2024-01-06,1.9056768,0.0
arniqueira,2024-01-07,1.7699387,0.0
arniqueira,2024-01-08,2.6957726,0.0
arniqueira,2024-01-09,2.1721778,0.0
arniqueira,2024-01-10,2.1317282,0.0
arniqueira,2024-01-11,2.1189976,0.0
arniqueira,2024-01-12,2.2113497,0.0
arniqueira,2024-01-13,2.0350978,0.0
arniqueira,2024-01-14,1.9127941,0.0
arniqueira,2024-01-15,2.6881866,0.0
arniqueira,2024-01-16,2.2515087,0.0
arniqueira,2024-01-17,2.1584253,0.0
arniqueira,2024-01-18,2.1456943,0.0
arniqueira,2024-01-19,2.238047,0.0
arniqueira,2024-01-20,2.0350978,0.0
arniqueira,2024-01-21,1.9127941,0.0
arniqueira,2024-01-22,2.6881866,0.0
arniqueira,2024-01-23,2.2515087,0.0
arniqueira,2024-01-24,2.1584253,0.0
arniqueira,2024-01-25,2.1456943,0.0
arniqueira,2024-01-26,2.238047,0.0
arniqueira,2024-01-27,2.0350978,0.0
arniqueira,2024-01-28,1.9127941,0.0
arniqueira,2024-01-29,2.6881866,0.0
arniqueira,2024-01-30,2.2515087,0.0
arniqueira,2024-01-31,2.1584253,0.0
arniqueira,2024-02-01,2.0835218,0.0
arniqueira,2024-02-02,2.1758745,0.0
brazlandia,2023-12-18,1.8084631,0.0
brazlandia,2023-12-19,1.599791,0.0
brazlandia,2023-12-20,1.6698799,1.0
brazlandia,2023-12-21,1.5596857,0.0
brazlandia,2023-12-22,1.5548856,0.0
brazlandia,2023-12-23,1.4819007,0.0
brazlandia,2023-12-24,1.3825598,0.0
brazlandia,2023-12-25,2.0808878,0.0
brazlandia,2023-12-26,1.8165536,0.0
brazlandia,2023-12-27,1.7439747,0.0
brazlandia,2023-12-28,1.7744389,0.0
brazlandia,2023-12-29,1.7368698,0.0
brazlandia,2023-12-30,1.6193106,1.0
brazlandia,2023-12-31,1.4872408,2.0
brazlandia,2024-01-01,2.4394455,0.0
brazlandia,2024-01-02,2.0085518,0.0
brazlandia,2024-01-03,1.9706811,0.0
brazlandia,2024-01-04,1.977494,0.0
brazlandia,2024-01-05,2.0698445,0.0
brazlandia,2024-01-06,1.9024489,0.0
brazlandia,2024-01-07,1.7699387,0.0
brazlandia,2024-01-08,2.6614895,2.0
brazlandia,2024-01-09,2.1721778,1.0
brazlandia,2024-01-10,2.1317282,0.0
brazlandia,2024-01-11,2.1189976,0.0
brazlandia,2024-01-12,2.2113497,0.0
brazlandia,2024-01-13,2.0084019,0.0
brazlandia,2024-01-14,1.9127941,0.0
brazlandia,2024-01-15,2.7224698,0.0
brazlandia,2024-01-16,2.2515087,1.0
brazlandia,2024-01-17,2.1584253,1.0
brazlandia,2024-01-18,2.1456943,1.0
brazlandia,2024-01-19,2.238047,1.0
brazlandia,2024-01-20,2.0350978,0.0
brazlandia,2024-01-21,1.9127941,1.0
brazlandia,2024-01-22,2.7224698,1.0
brazlandia,2024-01-23,2.2515087,1.0
brazlandia,2024-01-24,2.1584253,2.0
brazlandia,2024-01-25,2.1456943,3.0
brazlandia,2024-01-26,2.238047,2.0
brazlandia,2024-01-27,2.0350978,0.0
brazlandia,2024-01-28,1.9127941,4.0
brazlandia,2024-01-29,2.6881866,0.0
brazlandia,2024-01-30,2.2515087,6.0
brazlandia,2024-01-31,2.1584253,1.0
brazlandia,2024-02-01,2.0835218,4.0
brazlandia,2024-02-02,2.1758745,5.0
brazlandia,2024-02-03,1.9637778,2.0
brazlandia,2024-02-04,1.7286726,4.0
brazlandia,2024-02-05,2.4553342,3.0
brazlandia,2024-02-06,2.1552162,8.0
brazlandia,2024-02-07,2.0618162,4.0
brazlandia,2024-02-08,2.0568252,3.0
brazlandia,2024-02-09,2.1542704,3.0
brazlandia,2024-02-10,1.9370812,6.0
brazlandia,2024-02-11,1.7019752,2.0
brazlandia,2024-02-12,2.428637,5.0
brazlandia,2024-02-13,2.1552162,2.0
brazlandia,2024-02-14,2.0669093,3.0
brazlandia,2024-02-15,2.0619183,2.0
brazlandia,2024-02-16,2.1542704,2.0
brazlandia,2024-02-17,1.9338533,3.0
brazlandia,2024-02-18,1.7019752,0.0
candangolandia,2023-12-08,1.770555,0.0
candangolandia,2023-12-09,1.4879012,0.0
candangolandia,2023-12-10,1.425936,0.0
candangolandia,2023-12-11,1.9298244,0.0
candangolandia,2023-12-12,1.7760034,0.0
candangolandia,2023-12-13,1.7398252,0.0
candangolandia,2023-12-14,1.8163078,0.0
candangolandia,2023-12-15,1.7368698,0.0
candangolandia,2023-12-16,1.5837269,0.0
candangolandia,2023-12-17,1.4511528,0.0
candangolandia,2023-12-18,2.1108136,0.0
candangolandia,2023-12-19,1.8854973,0.0
candangolandia,2023-12-20,1.880399,0.0
candangolandia,2023-12-21,1.8518903,0.0
candangolandia,2023-12-22,1.8342767,0.0
candangolandia,2023-12-23,1.6193106,0.0
candangolandia,2023-12-24,1.4511528,0.0
candangolandia,2023-12-25,2.0993695,0.0
candangolandia,2023-12-26,1.9473205,0.0
candangolandia,2023-12-27,1.8185763,0.0
candangolandia,2023-12-28,1.8518903,0.0
candangolandia,2023-12-29,1.7924078,0.0
candangolandia,2023-12-30,1.6193106,1.0
candangolandia,2023-12-31,1.4203088,0.0
candangolandia,2024-01-01,2.409122,0.0
candangolandia,2024-01-02,2.0085518,0.0
candangolandia,2024-01-03,1.9706811,0.0
candangolandia,2024-01-04,1.977494,1.0
candangolandia,2024-01-05,2.0408823,0.0
candangolandia,2024-01-06,1.9056768,0.0
candangolandia,2024-01-07,1.7699387,0.0
candangolandia,2024-01-08,2.6957726,0.0
candangolandia,2024-01-09,2.2148037,1.0
candangolandia,2024-01-10,2.1317282,0.0
candangolandia,2024-01-11,2.1189976,0.0
candangolandia,2024-01-12,2.2113497,0.0
candangolandia,2024-01-13,2.0350978,0.0
candangolandia,2024-01-14,1.9127941,1.0
candangolandia,2024-01-15,2.7224698,0.0
candangolandia,2024-01-16,2.2515087,0.0
candangolandia,2024-01-17,2.1584253,0.0
candangolandia,2024-01-18,2.1456943,0.0
candangolandia,2024-01-19,2.238047,1.0
candangolandia,2024-01-20,2.0350978,1.0
candangolandia,2024-01-21,1.9127941,0.0
candangolandia,2024-01-22,2.6881866,0.0
candangolandia,2024-01-23,2.2515087,2.0
candangolandia,2024-01-24,2.1584253,0.0
candangolandia,2024-01-25,2.1456943,0.0
candangolandia,2024-01-26,2.238047,0.0
candangolandia,2024-01-27,2.0350978,1.0
candangolandia,2024-01-28,1.9127941,1.0
candangolandia,2024-01-29,2.6881866,0.0
candangolandia,2024-01-30,2.2515087,0.0
candangolandia,2024-01-31,2.1584253,0.0
candangolandia,2024-02-01,2.0835218,1.0
candangolandia,2024-02-02,2.1758745,0.0
candangolandia,2024-02-03,1.9637778,1.0
candangolandia,2024-02-04,1.7286726,0.0
candangolandia,2024-02-05,2.4553342,1.0
candangolandia,2024-02-06,2.1552162,1.0
candangolandia,2024-02-07,2.0618162,3.0
candangolandia,2024-02-08,2.0568252,3.0
ceilandia,2023-12-18,2.0518699,1.0
ceilandia,2023-12-19,2.028679,1.0
ceilandia,2023-12-20,1.8065102,5.0
ceilandia,2023-12-21,1.618871,0.0
ceilandia,2023-12-22,1.7368698,1.0
ceilandia,2023-12-23,1.5598807,2.0
ceilandia,2023-12-24,1.3591423,1.0
ceilandia,2023-12-25,2.0436249,1.0
ceilandia,2023-12-26,1.8897481,1.0
ceilandia,2023-12-27,1.8385305,0.0
ceilandia,2023-12-28,1.7343233,1.0
ceilandia,2023-12-29,1.7167089,1.0
ceilandia,2023-12-30,1.4966342,2.0
ceilandia,2023-12-31,1.4511528,0.0
ceilandia,2024-01-01,2.3752637,2.0
ceilandia,2024-01-02,2.0085518,3.0
ceilandia,2024-01-03,1.9796897,3.0
ceilandia,2024-01-04,1.8671772,7.0
ceilandia,2024-01-05,2.0251544,3.0
ceilandia,2024-01-06,1.9056768,2.0
ceilandia,2024-01-07,1.7667108,4.0
ceilandia,2024-01-08,2.4389238,4.0
ceilandia,2024-01-09,2.0136402,3.0
ceilandia,2024-01-10,1.9149021,4.0
ceilandia,2024-01-11,1.8774142,0.0
ceilandia,2024-01-12,2.0451326,2.0
ceilandia,2024-01-13,1.9056768,2.0
ceilandia,2024-01-14,1.7467558,3.0
ceilandia,2024-01-15,2.4692473,5.0
ceilandia,2024-01-16,1.9567732,4.0
ceilandia,2024-01-17,1.9812158,2.0
ceilandia,2024-01-18,1.977494,5.0
ceilandia,2024-01-19,2.1920831,4.0
ceilandia,2024-01-20,2.005174,1.0
ceilandia,2024-01-21,1.8860972,0.0
ceilandia,2024-01-22,2.6614895,3.0
ceilandia,2024-01-23,2.2136035,10.0
ceilandia,2024-01-24,2.1317282,5.0
ceilandia,2024-01-25,2.1456943,7.0
ceilandia,2024-01-26,2.238047,4.0
ceilandia,2024-01-27,2.0350978,5.0
ceilandia,2024-01-28,1.9127941,1.0
ceilandia,2024-01-29,2.6881866,5.0
ceilandia,2024-01-30,2.2515087,5.0
ceilandia,2024-01-31,2.1584253,11.0
ceilandia,2024-02-01,2.0835218,6.0
ceilandia,2024-02-02,2.1758745,9.0
ceilandia,2024-02-03,1.9637778,13.0
ceilandia,2024-02-04,1.7286726,9.0
ceilandia,2024-02-05,2.4553342,14.0
ceilandia,2024-02-06,2.1552162,21.0
ceilandia,2024-02-07,2.0618162,15.0
ceilandia,2024-02-08,2.0568252,9.0
ceilandia,2024-02-09,2.1542704,14.0
ceilandia,2024-02-10,1.9370812,12.0
ceilandia,2024-02-11,1.7019752,12.0
ceilandia,2024-02-12,2.428637,15.0
ceilandia,2024-02-13,2.1552162,7.0
ceilandia,2024-02-14,2.0618162,23.0
ceilandia,2024-02-15,2.0568252,16.0
ceilandia,2024-02-16,2.1542704,19.0
ceilandia,2024-02-17,1.9370812,9.0
ceilandia,2024-02-18,1.7019752,1.0
cruzeiro,2023-12-15,1.5915487,0.0
cruzeiro,2023-12-16,1.4042611,0.0
cruzeiro,2023-12-17,1.425936,0.0
cruzeiro,2023-12-18,1.9572666,0.0
cruzeiro,2023-12-19,1.7341344,1.0
cruzeiro,2023-12-20,1.7960012,0.0
cruzeiro,2023-12-21,1.6707036,1.0
cruzeiro,2023-12-22,1.7368698,0.0
cruzeiro,2023-12-23,1.4777768,0.0
cruzeiro,2023-12-24,1.3981607,0.0
cruzeiro,2023-12-25,2.1512275,0.0
cruzeiro,2023-12-26,1.8054674,0.0
cruzeiro,2023-12-27,1.8385305,0.0
cruzeiro,2023-12-28,1.7900674,1.0
cruzeiro,2023-12-29,1.7924078,0.0
cruzeiro,2023-12-30,1.6193106,0.0
cruzeiro,2023-12-31,1.4511528,0.0
cruzeiro,2024-01-01,2.409122,2.0
cruzeiro,2024-01-02,1.9995431,0.0
cruzeiro,2024-01-03,1.9314598,0.0
cruzeiro,2024-01-04,1.9617655,2.0
cruzeiro,2024-01-05,2.0698445,0.0
cruzeiro,2024-01-06,1.9056768,0.0
cruzeiro,2024-01-07,1.7699387,0.0
cruzeiro,2024-01-08,2.6957726,0.0
cruzeiro,2024-01-09,2.1721778,0.0
cruzeiro,2024-01-10,2.1317282,2.0
cruzeiro,2024-01-11,2.1189976,2.0
cruzeiro,2024-01-12,2.2113497,1.0
cruzeiro,2024-01-13,2.0350978,0.0
cruzeiro,2024-01-14,1.9127941,3.0
cruzeiro,2024-01-15,2.6881866,1.0
cruzeiro,2024-01-16,2.2515087,2.0
cruzeiro,2024-01-17,2.1635184,3.0
cruzeiro,2024-01-18,2.1456943,1.0
cruzeiro,2024-01-19,2.238047,2.0
cruzeiro,2024-01-20,2.0350978,3.0
cruzeiro,2024-01-21,1.9127941,1.0
cruzeiro,2024-01-22,2.7224698,1.0
cruzeiro,2024-01-23,2.2515087,1.0
cruzeiro,2024-01-24,2.1584253,2.0
cruzeiro,2024-01-25,2.1456943,3.0
cruzeiro,2024-01-26,2.238047,1.0
cruzeiro,2024-01-27,2.0350978,1.0
cruzeiro,2024-01-28,1.9127941,0.0
cruzeiro,2024-01-29,2.6881866,2.0
cruzeiro,2024-01-30,2.2515087,0.0
cruzeiro,2024-01-31,2.1584253,0.0
cruzeiro,2024-02-01,2.0835218,2.0
cruzeiro,2024-02-02,2.1758745,1.0
cruzeiro,2024-02-03,1.9637778,3.0
cruzeiro,2024-02-04,1.7286726,1.0
cruzeiro,2024-02-05,2.4553342,2.0
cruzeiro,2024-02-06,2.1125903,3.0
cruzeiro,2024-02-07,2.0618162,7.0
cruzeiro,2024-02-08,2.0568252,4.0
cruzeiro,2024-02-09,2.1542704,2.0
cruzeiro,2024-02-10,1.9370812,1.0
cruzeiro,2024-02-11,1.7019752,1.0
cruzeiro,2024-02-12,2.428637,3.0
cruzeiro,2024-02-13,2.1552162,3.0
cruzeiro,2024-02-14,2.0669093,2.0
cruzeiro,2024-02-15,2.0619183,7.0
fercal,2023-11-20,1.9977801,0.0
fercal,2023-11-21,1.746281,0.0
fercal,2023-11-22,1.7378377,0.0
fercal,2023-11-23,1.6404577,0.0
fercal,2023-11-24,1.7294515,0.0
fercal,2023-11-25,1.6035739,0.0
fercal,2023-11-26,1.5313843,0.0
fercal,2023-11-27,2.2191854,0.0
fercal,2023-11-28,1.9734086,0.0
fercal,2023-11-29,1.9483567,0.0
fercal,2023-11-30,1.9198481,0.0
fercal,2023-12-01,1.8342767,0.0
fercal,2023-12-02,1.6350393,0.0
fercal,2023-12-03,1.502969,0.0
fercal,2023-12-04,2.2262135,0.0
fercal,2023-12-05,1.9771208,0.0
fercal,2023-12-06,1.9102001,0.0
fercal,2023-12-07,1.8676183,0.0
fercal,2023-12-08,1.8342767,0.0
fercal,2023-12-09,1.6193106,0.0
fercal,2023-12-10,1.4872408,0.0
fercal,2023-12-11,2.1964116,0.0
fercal,2023-12-12,1.9473205,0.0
fercal,2023-12-13,1.880399,0.0
fercal,2023-12-14,1.8518903,0.0
fercal,2023-12-15,1.8342767,0.0
fercal,2023-12-16,1.6193106,0.0
fercal,2023-12-17,1.4872408,0.0
fercal,2023-12-18,2.1964116,0.0
fercal,2023-12-19,1.9473205,0.0
fercal,2023-12-20,1.880399,0.0
fercal,2023-12-21,1.8518903,0.0
fercal,2023-12-22,1.8342767,0.0
fercal,2023-12-23,1.6193106,0.0
fercal,2023-12-24,1.4872408,0.0
fercal,2023-12-25,2.1964116,0.0
fercal,2023-12-26,1.9473205,0.0
fercal,2023-12-27,1.880399,0.0
fercal,2023-12-28,1.8518903,0.0
fercal,2023-12-29,1.8342767,0.0
fercal,2023-12-30,1.6193106,0.0
fercal,2023-12-31,1.4872408,0.0
fercal,2024-01-01,2.409122,0.0
fercal,2024-01-02,2.038354,0.0
fercal,2024-01-03,2.00949,0.0
fercal,2024-01-04,1.99676,0.0
fercal,2024-01-05,2.0698445,0.0
fercal,2024-01-06,1.9056768,0.0
fercal,2024-01-07,1.7699387,0.0
fercal,2024-01-08,2.6614895,0.0
fercal,2024-01-09,2.1721778,0.0
fercal,2024-01-10,2.1317282,0.0
fercal,2024-01-11,2.1189976,0.0
fercal,2024-01-12,2.2113497,0.0
fercal,2024-01-13,2.0084019,0.0
fercal,2024-01-14,1.9127941,0.0
fercal,2024-01-15,2.6881866,0.0
fercal,2024-01-16,2.2515087,0.0
fercal,2024-01-17,2.1584253,0.0
fercal,2024-01-18,2.1456943,0.0
fercal,2024-01-19,2.238047,0.0
fercal,2024-01-20,2.0350978,0.0
fercal,2024-01-21,1.9127941,0.0
gama,2023-12-18,1.8867464,1.0
gama,2023-12-19,1.7055857,6.0
gama,2023-12-20,1.6649818,0.0
gama,2023-12-21,1.7918389,0.0
gama,2023-12-22,1.6140707,0.0
gama,2023-12-23,1.5011942,2.0
gama,2023-12-24,1.4650927,0.0
gama,2023-12-25,2.1512275,0.0
gama,2023-12-26,1.8054674,1.0
gama,2023-12-27,1.8029478,0.0
gama,2023-12-28,1.8518903,0.0
gama,2023-12-29,1.7924078,0.0
gama,2023-12-30,1.6193106,0.0
gama,2023-12-31,1.3645644,0.0
gama,2024-01-01,2.4394455,0.0
gama,2024-01-02,1.9795893,1.0
gama,2024-01-03,1.9604236,0.0
gama,2024-01-04,1.9684851,2.0
gama,2024-01-05,2.0608366,0.0
gama,2024-01-06,1.7966881,0.0
gama,2024-01-07,1.7667108,0.0
gama,2024-01-08,2.4389238,1.0
gama,2024-01-09,2.038354,2.0
gama,2024-01-10,2.1356215,0.0
gama,2024-01-11,2.138443,3.0
gama,2024-01-12,2.2113497,0.0
gama,2024-01-13,2.0084019,0.0
gama,2024-01-14,1.8860972,1.0
gama,2024-01-15,2.6957726,2.0
gama,2024-01-16,2.2515087,0.0
gama,2024-01-17,2.1584253,2.0
gama,2024-01-18,2.142383,1.0
gama,2024-01-19,2.238047,3.0
gama,2024-01-20,2.0350978,1.0
gama,2024-01-21,1.9127941,1.0
gama,2024-01-22,2.7224698,6.0
gama,2024-01-23,2.2515087,3.0
gama,2024-01-24,2.1584253,7.0
gama,2024-01-25,2.1456943,3.0
gama,2024-01-26,2.238047,2.0
gama,2024-01-27,2.0350978,4.0
gama,2024-01-28,1.9127941,2.0
gama,2024-01-29,2.6881866,5.0
gama,2024-01-30,2.2515087,5.0
gama,2024-01-31,2.1584253,3.0
gama,2024-02-01,2.0835218,3.0
gama,2024-02-02,2.1758745,6.0
gama,2024-02-03,1.9637778,5.0
gama,2024-02-04,1.7286726,5.0
gama,2024-02-05,2.4553342,14.0
gama,2024-02-06,2.1125903,17.0
gama,2024-02-07,2.0618162,6.0
gama,2024-02-08,2.0568252,10.0
gama,2024-02-09,2.1542704,8.0
gama,2024-02-10,1.9370812,6.0
gama,2024-02-11,1.7019752,6.0
gama,2024-02-12,2.428637,12.0
gama,2024-02-13,2.1552162,6.0
gama,2024-02-14,2.0669093,11.0
gama,2024-02-15,2.0619183,16.0
gama,2024-02-16,2.1542704,7.0
gama,2024-02-17,1.9338533,8.0
gama,2024-02-18,1.7019752,3.0
guara,2023-12-18,3.2013412,2.0
guara,2023-12-19,2.8862982,5.0
guara,2023-12-20,2.6467676,2.0
guara,2023-12-21,2.5475621,1.0
guara,2023-12-22,2.7706866,1.0
guara,2023-12-23,2.1412342,1.0
guara,2023-12-24,1.8551707,2.0
guara,2023-12-25,2.8579779,2.0
guara,2023-12-26,2.4570208,2.0
guara,2023-12-27,2.3164206,1.0
guara,2023-12-28,2.173676,4.0
guara,2023-12-29,2.182589,1.0
guara,2023-12-30,1.728348,0.0
guara,2023-12-31,1.5827677,4.0
guara,2024-01-01,2.637166,1.0
guara,2024-01-02,2.28573,5.0
guara,2024-01-03,2.1368213,4.0
guara,2024-01-04,2.1189976,1.0
guara,2024-01-05,2.208038,1.0
guara,2024-01-06,2.005174,2.0
guara,2024-01-07,1.8860972,1.0
guara,2024-01-08,2.5715399,5.0
guara,2024-01-09,2.2201037,4.0
guara,2024-01-10,2.0894876,5.0
guara,2024-01-11,2.1456943,3.0
guara,2024-01-12,2.196274,5.0
guara,2024-01-13,2.0318701,2.0
guara,2024-01-14,1.8692076,0.0
guara,2024-01-15,2.5548139,0.0
guara,2024-01-16,2.2941346,7.0
guara,2024-01-17,2.1551142,4.0
guara,2024-01-18,2.1507874,7.0
guara,2024-01-19,2.196274,6.0
guara,2024-01-20,2.023466,6.0
guara,2024-01-21,1.9127941,2.0
guara,2024-01-22,2.637166,7.0
guara,2024-01-23,2.2941346,6.0
guara,2024-01-24,2.1635184,6.0
guara,2024-01-25,2.1507874,1.0
guara,2024-01-26,2.24314,4.0
guara,2024-01-27,2.0318701,4.0
guara,2024-01-28,1.9127941,7.0
guara,2024-01-29,2.6881866,8.0
guara,2024-01-30,2.2941346,8.0
guara,2024-01-31,2.1635184,5.0
guara,2024-02-01,2.088615,11.0
guara,2024-02-02,2.1809676,11.0
guara,2024-02-03,1.9637778,9.0
guara,2024-02-04,1.7286726,7.0
guara,2024-02-05,2.4553342,11.0
guara,2024-02-06,2.1552162,14.0
guara,2024-02-07,2.0669093,11.0
guara,2024-02-08,2.0619183,23.0
guara,2024-02-09,2.1542704,19.0
guara,2024-02-10,1.9338533,16.0
guara,2024-02-11,1.7019752,7.0
guara,2024-02-12,2.428637,7.0
guara,2024-02-13,2.1552162,12.0
guara,2024-02-14,2.0669093,34.0
guara,2024-02-15,2.0619183,23.0
guara,2024-02-16,2.1542704,28.0
guara,2024-02-17,1.9338533,26.0
guara,2024-02-18,1.7019752,7.0
itapoa,2023-12-11,1.8594847,0.0
itapoa,2023-12-12,1.6364543,0.0
itapoa,2023-12-13,1.6280112,0.0
itapoa,2023-12-14,1.609163,0.0
itapoa,2023-12-15,1.6334176,0.0
itapoa,2023-12-16,1.5011942,0.0
itapoa,2023-12-17,1.3825598,0.0
itapoa,2023-12-18,2.0183158,0.0
itapoa,2023-12-19,1.9173949,0.0
itapoa,2023-12-20,1.8448167,0.0
itapoa,2023-12-21,1.7744389,0.0
itapoa,2023-12-22,1.8342767,0.0
itapoa,2023-12-23,1.5832226,0.0
itapoa,2023-12-24,1.4203088,0.0
itapoa,2023-12-25,2.1964116,0.0
itapoa,2023-12-26,1.9473205,0.0
itapoa,2023-12-27,1.880399,0.0
itapoa,2023-12-28,1.8518903,0.0
itapoa,2023-12-29,1.8342767,0.0
itapoa,2023-12-30,1.6193106,0.0
itapoa,2023-12-31,1.4872408,0.0
itapoa,2024-01-01,2.409122,0.0
itapoa,2024-01-02,2.038354,0.0
itapoa,2024-01-03,2.0004816,0.0
itapoa,2024-01-04,1.99676,0.0
itapoa,2024-01-05,2.0698445,0.0
itapoa,2024-01-06,1.9024489,0.0
itapoa,2024-01-07,1.7667108,0.0
itapoa,2024-01-08,2.6957726,0.0
itapoa,2024-01-09,2.1721778,0.0
itapoa,2024-01-10,2.1317282,0.0
itapoa,2024-01-11,2.1189976,0.0
itapoa,2024-01-12,2.2113497,1.0
itapoa,2024-01-13,2.0084019,0.0
itapoa,2024-01-14,1.9127941,1.0
itapoa,2024-01-15,2.7224698,0.0
itapoa,2024-01-16,2.2515087,0.0
itapoa,2024-01-17,2.1584253,0.0
itapoa,2024-01-18,2.1456943,0.0
itapoa,2024-01-19,2.238047,0.0
itapoa,2024-01-20,2.0350978,1.0
itapoa,2024-01-21,1.9127941,0.0
itapoa,2024-01-22,2.6881866,0.0
itapoa,2024-01-23,2.2515087,0.0
itapoa,2024-01-24,2.1584253,1.0
itapoa,2024-01-25,2.1456943,0.0
itapoa,2024-01-26,2.238047,0.0
itapoa,2024-01-27,2.0350978,1.0
itapoa,2024-01-28,1.9127941,2.0
itapoa,2024-01-29,2.6881866,0.0
itapoa,2024-01-30,2.2515087,0.0
itapoa,2024-01-31,2.1584253,0.0
itapoa,2024-02-01,2.0835218,0.0
itapoa,2024-02-02,2.1758745,1.0
itapoa,2024-02-03,1.9637778,0.0
itapoa,2024-02-04,1.7286726,0.0
itapoa,2024-02-05,2.4553342,1.0
itapoa,2024-02-06,2.1552162,1.0
itapoa,2024-02-07,2.0669093,0.0
itapoa,2024-02-08,2.0568252,0.0
itapoa,2024-02-09,2.1542704,0.0
itapoa,2024-02-10,1.9370812,4.0
itapoa,2024-02-11,1.7019752,1.0
jardim_botanico,2023-12-16,3.5310535,0.0
jardim_botanico,2023-12-17,2.2925584,0.0
jardim_botanico,2023-12-18,3.4353313,0.0
jardim_botanico,2023-12-19,3.3762522,0.0
jardim_botanico,2023-12-20,3.932952,1.0
jardim_botanico,2023-12-21,3.0100493,0.0
jardim_botanico,2023-12-22,3.1195393,1.0
jardim_botanico,2023-12-23,4.2622538,1.0
jardim_botanico,2023-12-24,2.7165267,2.0
jardim_botanico,2023-12-25,3.925766,1.0
jardim_botanico,2023-12-26,3.8014774,1.0
jardim_botanico,2023-12-27,3.3952541,1.0
jardim_botanico,2023-12-28,3.4148026,0.0
jardim_botanico,2023-12-29,3.5220184,2.0
jardim_botanico,2023-12-30,3.3332,1.0
jardim_botanico,2023-12-31,2.6122367,0.0
jardim_botanico,2024-01-01,4.709444,0.0
jardim_botanico,2024-01-02,4.610751,1.0
jardim_botanico,2024-01-03,4.3799543,0.0
jardim_botanico,2024-01-04,4.4727907,1.0
jardim_botanico,2024-01-05,4.6667733,2.0
jardim_botanico,2024-01-06,3.9098654,1.0
jardim_botanico,2024-01-07,3.799611,3.0
jardim_botanico,2024-01-08,6.0744386,0.0
jardim_botanico,2024-01-09,5.7052126,2.0
jardim_botanico,2024-01-10,6.1491957,2.0
jardim_botanico,2024-01-11,5.9354286,1.0
jardim_botanico,2024-01-12,6.6423335,1.0
jardim_botanico,2024-01-13,5.4754133,2.0
jardim_botanico,2024-01-14,5.6048675,1.0
jardim_botanico,2024-01-15,8.5095625,1.0
jardim_botanico,2024-01-16,9.17905,3.0
jardim_botanico,2024-01-17,7.774423,1.0
jardim_botanico,2024-01-18,7.795611,2.0
jardim_botanico,2024-01-19,8.260684,2.0
jardim_botanico,2024-01-20,7.623503,2.0
jardim_botanico,2024-01-21,6.711094,1.0
jardim_botanico,2024-01-22,8.441738,5.0
jardim_botanico,2024-01-23,8.306954,0.0
jardim_botanico,2024-01-24,7.500502,1.0
jardim_botanico,2024-01-25,6.871032,4.0
jardim_botanico,2024-01-26,7.154166,3.0
jardim_botanico,2024-01-27,6.806854,3.0
jardim_botanico,2024-01-28,6.040079,1.0
jardim_botanico,2024-01-29,8.139839,5.0
jardim_botanico,2024-01-30,7.6163716,0.0
jardim_botanico,2024-01-31,7.214516,3.0
jardim_botanico,2024-02-01,6.7165036,1.0
jardim_botanico,2024-02-02,6.8967133,4.0
jardim_botanico,2024-02-03,5.947473,1.0
jardim_botanico,2024-02-04,5.419961,2.0
jardim_botanico,2024-02-05,7.490795,4.0
jardim_botanico,2024-02-06,6.3940444,7.0
jardim_botanico,2024-02-07,6.2732434,10.0
jardim_botanico,2024-02-08,6.1209893,9.0
jardim_botanico,2024-02-09,6.3729753,7.0
jardim_botanico,2024-02-10,5.721988,2.0
jardim_botanico,2024-02-11,4.5223293,1.0
jardim_botanico,2024-02-12,7.4736366,4.0
jardim_botanico,2024-02-13,6.5813646,3.0
jardim_botanico,2024-02-14,6.164251,6.0
jardim_botanico,2024-02-15,5.9086647,6.0
jardim_botanico,2024-02-16,6.2040777,8.0
lago_norte,2023-12-18,2.1204286,2.0
lago_norte,2023-12-19,2.0493078,4.0
lago_norte,2023-12-20,2.1238894,3.0
lago_norte,2023-12-21,2.108777,2.0
lago_norte,2023-12-22,1.9228642,1.0
lago_norte,2023-12-23,1.5832226,1.0
lago_norte,2023-12-24,1.4511528,0.0
lago_norte,2023-12-25,2.0734267,0.0
lago_norte,2023-12-26,1.9771208,1.0
lago_norte,2023-12-27,1.9102001,1.0
lago_norte,2023-12-28,1.8100464,0.0
lago_norte,2023-12-29,1.8342767,1.0
lago_norte,2023-12-30,1.4966342,1.0
lago_norte,2023-12-31,1.4872408,0.0
lago_norte,2024-01-01,2.409122,0.0
lago_norte,2024-01-02,1.9995431,1.0
lago_norte,2024-01-03,1.9604236,1.0
lago_norte,2024-01-04,1.9617655,0.0
lago_norte,2024-01-05,2.0698445,3.0
lago_norte,2024-01-06,1.9056768,0.0
lago_norte,2024-01-07,1.7699387,1.0
lago_norte,2024-01-08,2.5448427,2.0
lago_norte,2024-01-09,2.1721778,4.0
lago_norte,2024-01-10,2.1356215,1.0
lago_norte,2024-01-11,2.1189976,3.0
lago_norte,2024-01-12,2.2113497,1.0
lago_norte,2024-01-13,1.9967693,1.0
lago_norte,2024-01-14,1.8668315,2.0
lago_norte,2024-01-15,2.7224698,5.0
lago_norte,2024-01-16,2.2515087,2.0
lago_norte,2024-01-17,2.1584253,4.0
lago_norte,2024-01-18,2.076757,2.0
lago_norte,2024-01-19,2.2347353,3.0
lago_norte,2024-01-20,2.0350978,2.0
lago_norte,2024-01-21,1.9127941,1.0
lago_norte,2024-01-22,2.6881866,1.0
lago_norte,2024-01-23,2.2941346,4.0
lago_norte,2024-01-24,2.1635184,4.0
lago_norte,2024-01-25,2.1507874,1.0
lago_norte,2024-01-26,2.238047,5.0
lago_norte,2024-01-27,2.0350978,2.0
lago_norte,2024-01-28,1.9127941,1.0
lago_norte,2024-01-29,2.6881866,4.0
lago_norte,2024-01-30,2.2515087,7.0
lago_norte,2024-01-31,2.1584253,3.0
lago_norte,2024-02-01,2.0835218,4.0
lago_norte,2024-02-02,2.1758745,6.0
lago_norte,2024-02-03,1.9637778,3.0
lago_norte,2024-02-04,1.7286726,5.0
lago_norte,2024-02-05,2.4553342,6.0
lago_norte,2024-02-06,2.1125903,5.0
lago_norte,2024-02-07,2.0618162,9.0
lago_norte,2024-02-08,2.0568252,6.0
lago_norte,2024-02-09,2.1542704,6.0
lago_norte,2024-02-10,1.9370812,2.0
lago_norte,2024-02-11,1.7019752,0.0
lago_norte,2024-02-12,2.428637,8.0
lago_norte,2024-02-13,2.1552162,3.0
lago_norte,2024-02-14,2.0669093,7.0
lago_norte,2024-02-15,2.0619183,11.0
lago_norte,2024-02-16,2.1542704,20.0
lago_norte,2024-02-17,1.9370812,10.0
lago_norte,2024-02-18,1.7019752,1.0
lago_sul,2023-12-15,2.1885638,0.0
lago_sul,2023-12-16,1.7264924,0.0
lago_sul,2023-12-17,1.4965012,0.0
lago_sul,2023-12-18,2.0944862,1.0
lago_sul,2023-12-19,2.1831317,3.0
lago_sul,2023-12-20,2.2216182,1.0
lago_sul,2023-12-21,1.8380694,1.0
lago_sul,2023-12-22,1.8011894,0.0
lago_sul,2023-12-23,1.5681074,1.0
lago_sul,2023-12-24,1.502969,0.0
lago_sul,2023-12-25,2.1291714,0.0
lago_sul,2023-12-26,1.9771208,3.0
lago_sul,2023-12-27,1.8526278,2.0
lago_sul,2023-12-28,1.8518903,2.0
lago_sul,2023-12-29,1.7924078,1.0
lago_sul,2023-12-30,1.5832226,0.0
lago_sul,2023-12-31,1.4872408,1.0
lago_sul,2024-01-01,2.3096375,1.0
lago_sul,2024-01-02,1.9795893,0.0
lago_sul,2024-01-03,1.9604236,1.0
lago_sul,2024-01-04,1.9617655,1.0
lago_sul,2024-01-05,2.0408823,3.0
lago_sul,2024-01-06,1.9056768,1.0
lago_sul,2024-01-07,1.7467558,1.0
lago_sul,2024-01-08,2.4692473,1.0
lago_sul,2024-01-09,2.1721778,0.0
lago_sul,2024-01-10,2.1356215,3.0
lago_sul,2024-01-11,2.1189976,3.0
lago_sul,2024-01-12,2.16902,1.0
lago_sul,2024-01-13,2.005174,0.0
lago_sul,2024-01-14,1.8860972,1.0
lago_sul,2024-01-15,2.6957726,4.0
lago_sul,2024-01-16,2.2515087,0.0
lago_sul,2024-01-17,2.0894876,3.0
lago_sul,2024-01-18,2.1507874,5.0
lago_sul,2024-01-19,2.24314,2.0
lago_sul,2024-01-20,2.0350978,0.0
lago_sul,2024-01-21,1.9127941,1.0
lago_sul,2024-01-22,2.6881866,2.0
lago_sul,2024-01-23,2.2941346,2.0
lago_sul,2024-01-24,2.1635184,3.0
lago_sul,2024-01-25,2.1456943,3.0
lago_sul,2024-01-26,2.238047,1.0
lago_sul,2024-01-27,2.0350978,3.0
lago_sul,2024-01-28,1.9127941,2.0
lago_sul,2024-01-29,2.6881866,4.0
lago_sul,2024-01-30,2.2515087,2.0
lago_sul,2024-01-31,2.1584253,4.0
lago_sul,2024-02-01,2.0835218,2.0
lago_sul,2024-02-02,2.1758745,6.0
lago_sul,2024-02-03,1.9637778,5.0
lago_sul,2024-02-04,1.7286726,1.0
lago_sul,2024-02-05,2.4553342,7.0
lago_sul,2024-02-06,2.1125903,9.0
lago_sul,2024-02-07,2.0618162,11.0
lago_sul,2024-02-08,2.0568252,7.0
lago_sul,2024-02-09,2.1542704,7.0
lago_sul,2024-02-10,1.9370812,3.0
lago_sul,2024-02-11,1.7019752,3.0
lago_sul,2024-02-12,2.428637,4.0
lago_sul,2024-02-13,2.1552162,8.0
lago_sul,2024-02-14,2.0669093,7.0
lago_sul,2024-02-15,2.0619183,14.0
nucleo_bandeirante,2023-12-18,2.0275006,1.0
nucleo_bandeirante,2023-12-19,1.8685794,0.0
nucleo_bandeirante,2023-12-20,1.70256,0.0
nucleo_bandeirante,2023-12-21,1.663404,0.0
nucleo_bandeirante,2023-12-22,1.6530893,0.0
nucleo_bandeirante,2023-12-23,1.5011942,0.0
nucleo_bandeirante,2023-12-24,1.3981607,0.0
nucleo_bandeirante,2023-12-25,2.0304246,0.0
nucleo_bandeirante,2023-12-26,1.9173949,1.0
nucleo_bandeirante,2023-12-27,1.7439747,0.0
nucleo_bandeirante,2023-12-28,1.7544842,0.0
nucleo_bandeirante,2023-12-29,1.7986934,0.0
nucleo_bandeirante,2023-12-30,1.5832226,0.0
nucleo_bandeirante,2023-12-31,1.4872408,0.0
nucleo_bandeirante,2024-01-01,2.3752637,0.0
nucleo_bandeirante,2024-01-02,1.9795893,0.0
nucleo_bandeirante,2024-01-03,1.9514145,0.0
nucleo_bandeirante,2024-01-04,1.9617655,0.0
nucleo_bandeirante,2024-01-05,2.0698445,1.0
nucleo_bandeirante,2024-01-06,1.882494,0.0
nucleo_bandeirante,2024-01-07,1.7022457,0.0
nucleo_bandeirante,2024-01-08,2.4692473,0.0
nucleo_bandeirante,2024-01-09,2.2136035,0.0
nucleo_bandeirante,2024-01-10,2.1356215,0.0
nucleo_bandeirante,2024-01-11,2.138443,1.0
nucleo_bandeirante,2024-01-12,2.2113497,0.0
nucleo_bandeirante,2024-01-13,2.0084019,0.0
nucleo_bandeirante,2024-01-14,1.8860972,1.0
nucleo_bandeirante,2024-01-15,2.7224698,1.0
nucleo_bandeirante,2024-01-16,2.2941346,1.0
nucleo_bandeirante,2024-01-17,2.1635184,1.0
nucleo_bandeirante,2024-01-18,2.1507874,0.0
nucleo_bandeirante,2024-01-19,2.238047,1.0
nucleo_bandeirante,2024-01-20,2.0350978,4.0
nucleo_bandeirante,2024-01-21,1.9127941,1.0
nucleo_bandeirante,2024-01-22,2.6881866,0.0
nucleo_bandeirante,2024-01-23,2.2515087,0.0
nucleo_bandeirante,2024-01-24,2.1584253,1.0
nucleo_bandeirante,2024-01-25,2.1456943,0.0
nucleo_bandeirante,2024-01-26,2.238047,3.0
nucleo_bandeirante,2024-01-27,2.0350978,1.0
nucleo_bandeirante,2024-01-28,1.9127941,0.0
nucleo_bandeirante,2024-01-29,2.6881866,1.0
nucleo_bandeirante,2024-01-30,2.2515087,0.0
nucleo_bandeirante,2024-01-31,2.1584253,1.0
nucleo_bandeirante,2024-02-01,2.0835218,2.0
nucleo_bandeirante,2024-02-02,2.1758745,1.0
nucleo_bandeirante,2024-02-03,1.9637778,0.0
nucleo_bandeirante,2024-02-04,1.7286726,2.0
nucleo_bandeirante,2024-02-05,2.4553342,0.0
nucleo_bandeirante,2024-02-06,2.1125903,4.0
nucleo_bandeirante,2024-02-07,2.0618162,4.0
nucleo_bandeirante,2024-02-08,2.0568252,1.0
nucleo_bandeirante,2024-02-09,2.1542704,2.0
nucleo_bandeirante,2024-02-10,1.9370812,2.0
nucleo_bandeirante,2024-02-11,1.7019752,3.0
nucleo_bandeirante,2024-02-12,2.428637,1.0
nucleo_bandeirante,2024-02-13,2.1552162,0.0
nucleo_bandeirante,2024-02-14,2.0669093,2.0
nucleo_bandeirante,2024-02-15,2.0619183,4.0
nucleo_bandeirante,2024-02-16,2.1542704,2.0
nucleo_bandeirante,2024-02-17,1.9338533,0.0
nucleo_bandeirante,2024-02-18,1.7019752,0.0
outros_estados,2023-12-18,2.8519182,5.0
outros_estados,2023-12-19,2.5605288,2.0
outros_estados,2023-12-20,2.4073524,1.0
outros_estados,2023-12-21,2.0288744,0.0
outros_estados,2023-12-22,2.1267095,4.0
outros_estados,2023-12-23,1.5376782,1.0
outros_estados,2023-12-24,1.4567814,0.0
outros_estados,2023-12-25,2.2660155,1.0
outros_estados,2023-12-26,2.032661,1.0
outros_estados,2023-12-27,1.8718941,0.0
outros_estados,2023-12-28,1.8676183,2.0
outros_estados,2023-12-29,1.7621713,0.0
outros_estados,2023-12-30,1.5523789,0.0
outros_estados,2023-12-31,1.4278102,2.0
outros_estados,2024-01-01,2.409122,0.0
outros_estados,2024-01-02,1.9269718,7.0
outros_estados,2024-01-03,1.9604236,6.0
outros_estados,2024-01-04,1.8428843,3.0
outros_estados,2024-01-05,2.0541167,3.0
outros_estados,2024-01-06,1.9024489,1.0
outros_estados,2024-01-07,1.7699387,1.0
outros_estados,2024-01-08,2.4389238,3.0
outros_estados,2024-01-09,2.0093904,5.0
outros_estados,2024-01-10,1.9149021,8.0
outros_estados,2024-01-11,1.8829055,2.0
outros_estados,2024-01-12,2.0451326,3.0
outros_estados,2024-01-13,1.882494,1.0
outros_estados,2024-01-14,1.7667108,0.0
outros_estados,2024-01-15,2.4389238,5.0
outros_estados,2024-01-16,1.9567732,1.0
outros_estados,2024-01-17,1.8901447,3.0
outros_estados,2024-01-18,1.977494,3.0
outros_estados,2024-01-19,2.0148726,1.0
outros_estados,2024-01-20,1.9056768,6.0
outros_estados,2024-01-21,1.7699387,2.0
outros_estados,2024-01-22,2.4389238,4.0
outros_estados,2024-01-23,2.0293446,7.0
outros_estados,2024-01-24,2.1356215,3.0
outros_estados,2024-01-25,2.1468477,1.0
outros_estados,2024-01-26,2.2164428,3.0
outros_estados,2024-01-27,2.0084019,4.0
outros_estados,2024-01-28,1.8860972,2.0
outros_estados,2024-01-29,2.6614895,7.0
outros_estados,2024-01-30,2.2941346,7.0
outros_estados,2024-01-31,2.1584253,7.0
outros_estados,2024-02-01,2.0835218,8.0
outros_estados,2024-02-02,2.1758745,8.0
outros_estados,2024-02-03,1.9637778,7.0
outros_estados,2024-02-04,1.7286726,7.0
outros_estados,2024-02-05,2.4553342,28.0
outros_estados,2024-02-06,2.1125903,22.0
outros_estados,2024-02-07,2.0618162,13.0
outros_estados,2024-02-08,2.0568252,23.0
outros_estados,2024-02-09,2.1542704,14.0
outros_estados,2024-02-10,1.9370812,16.0
outros_estados,2024-02-11,1.7019752,3.0
outros_estados,2024-02-12,2.428637,6.0
outros_estados,2024-02-13,2.1552162,4.0
outros_estados,2024-02-14,2.0618162,25.0
outros_estados,2024-02-15,2.0568252,27.0
outros_estados,2024-02-16,2.1542704,25.0
outros_estados,2024-02-17,1.9370812,14.0
outros_estados,2024-02-18,1.7019752,9.0
outros_estados,2024-02-18,1.7019752,1.0
paranoa,2023-12-15,1.6413336,0.0
paranoa,2023-12-16,1.4579563,0.0
paranoa,2023-12-17,1.3422956,0.0
paranoa,2023-12-18,1.7673903,0.0
paranoa,2023-12-19,1.7387381,0.0
paranoa,2023-12-20,1.6280112,0.0
paranoa,2023-12-21,1.6791081,1.0
paranoa,2023-12-22,1.7986934,0.0
paranoa,2023-12-23,1.5837269,0.0
paranoa,2023-12-24,1.4290047,0.0
paranoa,2023-12-25,2.0808878,0.0
paranoa,2023-12-26,1.8755262,0.0
paranoa,2023-12-27,1.880399,0.0
paranoa,2023-12-28,1.8518903,0.0
paranoa,2023-12-29,1.8342767,0.0
paranoa,2023-12-30,1.5832226,0.0
paranoa,2023-12-31,1.4872408,0.0
paranoa,2024-01-01,2.409122,1.0
paranoa,2024-01-02,2.0085518,0.0
paranoa,2024-01-03,2.00949,0.0
paranoa,2024-01-04,1.99676,0.0
paranoa,2024-01-05,2.0608366,1.0
paranoa,2024-01-06,1.9056768,0.0
paranoa,2024-01-07,1.7699387,0.0
paranoa,2024-01-08,2.6957726,1.0
paranoa,2024-01-09,2.1721778,0.0
paranoa,2024-01-10,2.1317282,0.0
paranoa,2024-01-11,2.1189976,1.0
paranoa,2024-01-12,2.2113497,0.0
paranoa,2024-01-13,2.023466,0.0
paranoa,2024-01-14,1.9127941,0.0
paranoa,2024-01-15,2.7224698,1.0
paranoa,2024-01-16,2.2941346,0.0
paranoa,2024-01-17,2.1584253,1.0
paranoa,2024-01-18,2.1456943,2.0
paranoa,2024-01-19,2.238047,0.0
paranoa,2024-01-20,2.0350978,5.0
paranoa,2024-01-21,1.9127941,0.0
paranoa,2024-01-22,2.7224698,2.0
paranoa,2024-01-23,2.2515087,1.0
paranoa,2024-01-24,2.1584253,1.0
paranoa,2024-01-25,2.1456943,1.0
paranoa,2024-01-26,2.238047,1.0
paranoa,2024-01-27,2.0350978,1.0
paranoa,2024-01-28,1.9127941,1.0
paranoa,2024-01-29,2.6881866,1.0
paranoa,2024-01-30,2.2515087,1.0
paranoa,2024-01-31,2.1584253,3.0
paranoa,2024-02-01,2.0835218,0.0
paranoa,2024-02-02,2.1758745,2.0
paranoa,2024-02-03,1.9637778,1.0
paranoa,2024-02-04,1.7286726,1.0
paranoa,2024-02-05,2.4553342,3.0
paranoa,2024-02-06,2.1552162,2.0
paranoa,2024-02-07,2.0669093,2.0
paranoa,2024-02-08,2.0568252,2.0
paranoa,2024-02-09,2.1542704,1.0
paranoa,2024-02-10,1.9370812,0.0
paranoa,2024-02-11,1.7019752,0.0
paranoa,2024-02-12,2.428637,2.0
paranoa,2024-02-13,2.1552162,1.0
paranoa,2024-02-14,2.0669093,2.0
paranoa,2024-02-15,2.0619183,3.0
park_way,2023-12-14,1.5725,0.0
park_way,2023-12-15,1.5883667,0.0
park_way,2023-12-16,1.4518132,0.0
park_way,2023-12-17,1.3422956,0.0
park_way,2023-12-18,1.8084631,0.0
park_way,2023-12-19,1.6280499,0.0
park_way,2023-12-20,1.6505332,1.0
park_way,2023-12-21,1.7154658,1.0
park_way,2023-12-22,1.7368698,0.0
park_way,2023-12-23,1.5167952,0.0
park_way,2023-12-24,1.4650927,0.0
park_way,2023-12-25,2.1512275,0.0
park_way,2023-12-26,1.8555717,0.0
park_way,2023-12-27,1.880399,0.0
park_way,2023-12-28,1.8100221,0.0
park_way,2023-12-29,1.8342767,1.0
park_way,2023-12-30,1.6193106,1.0
park_way,2023-12-31,1.4511528,0.0
park_way,2024-01-01,2.4394455,0.0
park_way,2024-01-02,1.9795893,3.0
park_way,2024-01-03,1.990224,0.0
park_way,2024-01-04,1.977494,0.0
park_way,2024-01-05,2.0698445,0.0
park_way,2024-01-06,1.9056768,0.0
park_way,2024-01-07,1.7667108,0.0
park_way,2024-01-08,2.6957726,0.0
park_way,2024-01-09,2.1721778,0.0
park_way,2024-01-10,2.1317282,0.0
park_way,2024-01-11,2.1189976,0.0
park_way,2024-01-12,2.2164428,1.0
park_way,2024-01-13,2.0350978,0.0
park_way,2024-01-14,1.9095662,1.0
park_way,2024-01-15,2.7224698,0.0
park_way,2024-01-16,2.2515087,1.0
park_way,2024-01-17,2.1584253,3.0
park_way,2024-01-18,2.1456943,1.0
park_way,2024-01-19,2.238047,0.0
park_way,2024-01-20,2.0350978,1.0
park_way,2024-01-21,1.9127941,1.0
park_way,2024-01-22,2.7224698,2.0
park_way,2024-01-23,2.2515087,0.0
park_way,2024-01-24,2.1584253,0.0
park_way,2024-01-25,2.1456943,0.0
park_way,2024-01-26,2.238047,3.0
park_way,2024-01-27,2.0350978,1.0
park_way,2024-01-28,1.9127941,1.0
park_way,2024-01-29,2.6881866,3.0
park_way,2024-01-30,2.2515087,1.0
park_way,2024-01-31,2.1584253,1.0
park_way,2024-02-01,2.0835218,2.0
park_way,2024-02-02,2.1758745,1.0
park_way,2024-02-03,1.9637778,0.0
park_way,2024-02-04,1.7286726,1.0
park_way,2024-02-05,2.4553342,3.0
park_way,2024-02-06,2.1125903,4.0
park_way,2024-02-07,2.0618162,1.0
park_way,2024-02-08,2.0568252,6.0
park_way,2024-02-09,2.1542704,4.0
park_way,2024-02-10,1.9370812,5.0
park_way,2024-02-11,1.7019752,1.0
park_way,2024-02-12,2.428637,3.0
park_way,2024-02-13,2.1552162,1.0
park_way,2024-02-14,2.0669093,5.0
planaltina,2023-12-17,1.389848,0.0
planaltina,2023-12-18,1.8594847,2.0
planaltina,2023-12-19,1.6280499,1.0
planaltina,2023-12-20,1.6698799,1.0
planaltina,2023-12-21,1.6791081,3.0
planaltina,2023-12-22,1.7986934,1.0
planaltina,2023-12-23,1.541023,0.0
planaltina,2023-12-24,1.4290047,2.0
planaltina,2023-12-25,2.0808878,0.0
planaltina,2023-12-26,1.8054674,1.0
planaltina,2023-12-27,1.7795582,0.0
planaltina,2023-12-28,1.8518903,1.0
planaltina,2023-12-29,1.7924078,1.0
planaltina,2023-12-30,1.5523789,0.0
planaltina,2023-12-31,1.4511528,0.0
planaltina,2024-01-01,2.3096375,2.0
planaltina,2024-01-02,1.9995431,0.0
planaltina,2024-01-03,1.9314598,1.0
planaltina,2024-01-04,1.9527569,1.0
planaltina,2024-01-05,2.0541167,1.0
planaltina,2024-01-06,1.9056768,0.0
planaltina,2024-01-07,1.7699387,2.0
planaltina,2024-01-08,2.4050655,0.0
planaltina,2024-01-09,2.1721778,0.0
planaltina,2024-01-10,2.1317282,1.0
planaltina,2024-01-11,2.1468477,4.0
planaltina,2024-01-12,2.2164428,1.0
planaltina,2024-01-13,2.0084019,1.0
planaltina,2024-01-14,1.8860972,3.0
planaltina,2024-01-15,2.6957726,2.0
planaltina,2024-01-16,2.2515087,2.0
planaltina,2024-01-17,2.1584253,0.0
planaltina,2024-01-18,2.1456943,2.0
planaltina,2024-01-19,2.24314,2.0
planaltina,2024-01-20,2.0350978,0.0
planaltina,2024-01-21,1.9127941,4.0
planaltina,2024-01-22,2.7224698,4.0
planaltina,2024-01-23,2.2515087,4.0
planaltina,2024-01-24,2.1584253,3.0
planaltina,2024-01-25,2.1456943,3.0
planaltina,2024-01-26,2.238047,1.0
planaltina,2024-01-27,2.0350978,7.0
planaltina,2024-01-28,1.9127941,3.0
planaltina,2024-01-29,2.6881866,6.0
planaltina,2024-01-30,2.2515087,6.0
planaltina,2024-01-31,2.1584253,6.0
planaltina,2024-02-01,2.0835218,7.0
planaltina,2024-02-02,2.1758745,5.0
planaltina,2024-02-03,1.9637778,12.0
planaltina,2024-02-04,1.7286726,8.0
planaltina,2024-02-05,2.4553342,6.0
planaltina,2024-02-06,2.1125903,6.0
planaltina,2024-02-07,2.0618162,4.0
planaltina,2024-02-08,2.0568252,12.0
planaltina,2024-02-09,2.1542704,11.0
planaltina,2024-02-10,1.9370812,2.0
planaltina,2024-02-11,1.7019752,4.0
planaltina,2024-02-12,2.428637,8.0
planaltina,2024-02-13,2.1552162,10.0
planaltina,2024-02-14,2.0669093,9.0
planaltina,2024-02-15,2.0619183,10.0
planaltina,2024-02-16,2.1542704,11.0
planaltina,2024-02-17,1.9338533,4.0
plano_piloto,2023-12-18,9.801231,12.0
plano_piloto,2023-12-19,9.405384,10.0
plano_piloto,2023-12-20,9.891735,12.0
plano_piloto,2023-12-21,8.359909,8.0
plano_piloto,2023-12-22,7.7294674,7.0
plano_piloto,2023-12-23,6.6803923,5.0
plano_piloto,2023-12-24,5.790726,5.0
plano_piloto,2023-12-25,7.9537544,2.0
plano_piloto,2023-12-26,7.5622425,7.0
plano_piloto,2023-12-27,7.234506,6.0
plano_piloto,2023-12-28,6.8937426,8.0
plano_piloto,2023-12-29,6.423453,1.0
plano_piloto,2023-12-30,5.7161803,8.0
plano_piloto,2023-12-31,5.1422186,2.0
plano_piloto,2024-01-01,7.9198184,4.0
plano_piloto,2024-01-02,6.6378794,20.0
plano_piloto,2024-01-03,6.402231,9.0
plano_piloto,2024-01-04,6.3467727,8.0
plano_piloto,2024-01-05,6.4613576,12.0
plano_piloto,2024-01-06,6.0575666,2.0
plano_piloto,2024-01-07,5.5051727,1.0
plano_piloto,2024-01-08,7.9322085,7.0
plano_piloto,2024-01-09,6.9743547,8.0
plano_piloto,2024-01-10,6.195025,13.0
plano_piloto,2024-01-11,6.029762,17.0
plano_piloto,2024-01-12,6.518927,16.0
plano_piloto,2024-01-13,5.789165,9.0
plano_piloto,2024-01-14,5.1482553,6.0
plano_piloto,2024-01-15,7.6983194,14.0
plano_piloto,2024-01-16,6.7684608,17.0
plano_piloto,2024-01-17,6.2604175,14.0
plano_piloto,2024-01-18,6.1809187,13.0
plano_piloto,2024-01-19,6.366237,14.0
plano_piloto,2024-01-20,5.9568243,10.0
plano_piloto,2024-01-21,5.1482553,8.0
plano_piloto,2024-01-22,7.9879084,15.0
plano_piloto,2024-01-23,6.9548864,12.0
plano_piloto,2024-01-24,6.289241,16.0
plano_piloto,2024-01-25,6.1809187,23.0
plano_piloto,2024-01-26,6.4613576,9.0
plano_piloto,2024-01-27,5.9568243,18.0
plano_piloto,2024-01-28,5.1482553,8.0
plano_piloto,2024-01-29,7.968708,29.0
plano_piloto,2024-01-30,7.022188,27.0
plano_piloto,2024-01-31,6.7218266,21.0
plano_piloto,2024-02-01,6.2440805,24.0
plano_piloto,2024-02-02,6.5245204,26.0
plano_piloto,2024-02-03,5.514402,22.0
plano_piloto,2024-02-04,4.655863,16.0
plano_piloto,2024-02-05,7.5813637,60.0
plano_piloto,2024-02-06,6.573754,45.0
plano_piloto,2024-02-07,6.164251,42.0
plano_piloto,2024-02-08,6.08964,50.0
plano_piloto,2024-02-09,6.3151636,44.0
plano_piloto,2024-02-10,5.4070964,28.0
plano_piloto,2024-02-11,4.4665103,14.0
plano_piloto,2024-02-12,7.4736366,37.0
plano_piloto,2024-02-13,6.689157,22.0
plano_piloto,2024-02-14,6.091068,79.0
plano_piloto,2024-02-15,6.016457,79.0
plano_piloto,2024-02-16,6.2419806,71.0
plano_piloto,2024-02-17,5.3977537,53.0
plano_piloto,2024-02-18,4.4665103,26.0
por_do_sol,2023-12-02,1.5151639,0.0
por_do_sol,2023-12-03,1.4171097,0.0
por_do_sol,2023-12-04,1.8867464,0.0
por_do_sol,2023-12-05,1.8431954,0.0
por_do_sol,2023-12-06,1.6280112,0.0
por_do_sol,2023-12-07,1.7209771,0.0
por_do_sol,2023-12-08,1.7986934,0.0
por_do_sol,2023-12-09,1.5837269,0.0
por_do_sol,2023-12-10,1.4650927,0.0
por_do_sol,2023-12-11,2.1512275,0.0
por_do_sol,2023-12-12,1.9473205,0.0
por_do_sol,2023-12-13,1.880399,0.0
por_do_sol,2023-12-14,1.8518903,0.0
por_do_sol,2023-12-15,1.8342767,0.0
por_do_sol,2023-12-16,1.6193106,0.0
por_do_sol,2023-12-17,1.4872408,0.0
por_do_sol,2023-12-18,2.1964116,0.0
por_do_sol,2023-12-19,1.9473205,1.0
por_do_sol,2023-12-20,1.880399,0.0
por_do_sol,2023-12-21,1.8100221,0.0
por_do_sol,2023-12-22,1.8342767,0.0
por_do_sol,2023-12-23,1.6193106,0.0
por_do_sol,2023-12-24,1.4872408,0.0
por_do_sol,2023-12-25,2.1964116,0.0
por_do_sol,2023-12-26,1.9473205,0.0
por_do_sol,2023-12-27,1.880399,0.0
por_do_sol,2023-12-28,1.8518903,0.0
por_do_sol,2023-12-29,1.8342767,0.0
por_do_sol,2023-12-30,1.6193106,0.0
por_do_sol,2023-12-31,1.4872408,0.0
por_do_sol,2024-01-01,2.4394455,0.0
por_do_sol,2024-01-02,2.0093904,0.0
por_do_sol,2024-01-03,2.00949,0.0
por_do_sol,2024-01-04,1.99676,0.0
por_do_sol,2024-01-05,2.0698445,0.0
por_do_sol,2024-01-06,1.9056768,0.0
por_do_sol,2024-01-07,1.7699387,0.0
por_do_sol,2024-01-08,2.6957726,0.0
por_do_sol,2024-01-09,2.1721778,0.0
por_do_sol,2024-01-10,2.1317282,0.0
por_do_sol,2024-01-11,2.1189976,0.0
por_do_sol,2024-01-12,2.2113497,0.0
por_do_sol,2024-01-13,2.0350978,0.0
por_do_sol,2024-01-14,1.9127941,0.0
por_do_sol,2024-01-15,2.6881866,0.0
por_do_sol,2024-01-16,2.2515087,0.0
por_do_sol,2024-01-17,2.1584253,0.0
por_do_sol,2024-01-18,2.1456943,0.0
por_do_sol,2024-01-19,2.238047,0.0
por_do_sol,2024-01-20,2.0350978,0.0
por_do_sol,2024-01-21,1.9127941,1.0
por_do_sol,2024-01-22,2.6881866,0.0
por_do_sol,2024-01-23,2.2515087,1.0
por_do_sol,2024-01-24,2.1584253,0.0
por_do_sol,2024-01-25,2.1456943,1.0
por_do_sol,2024-01-26,2.238047,1.0
por_do_sol,2024-01-27,2.0350978,0.0
por_do_sol,2024-01-28,1.9127941,0.0
por_do_sol,2024-01-29,2.6881866,1.0
por_do_sol,2024-01-30,2.2515087,1.0
por_do_sol,2024-01-31,2.1584253,0.0
por_do_sol,2024-02-01,2.0835218,0.0
por_do_sol,2024-02-02,2.1758745,0.0
recanto_das_emas,2023-12-17,1.397816,0.0
recanto_das_emas,2023-12-18,1.8074675,0.0
recanto_das_emas,2023-12-19,1.7139742,0.0
recanto_das_emas,2023-12-20,1.7670882,0.0
recanto_das_emas,2023-12-21,1.8005962,1.0
recanto_das_emas,2023-12-22,1.6140707,0.0
recanto_das_emas,2023-12-23,1.5167952,0.0
recanto_das_emas,2023-12-24,1.4650927,0.0
recanto_das_emas,2023-12-25,2.0808878,0.0
recanto_das_emas,2023-12-26,1.8165536,0.0
recanto_das_emas,2023-12-27,1.8385305,1.0
recanto_das_emas,2023-12-28,1.7900674,0.0
recanto_das_emas,2023-12-29,1.7924078,0.0
recanto_das_emas,2023-12-30,1.5598807,2.0
recanto_das_emas,2023-12-31,1.4511528,0.0
recanto_das_emas,2024-01-01,2.409122,0.0
recanto_das_emas,2024-01-02,1.9995431,1.0
recanto_das_emas,2024-01-03,1.9604236,0.0
recanto_das_emas,2024-01-04,1.9617655,0.0
recanto_das_emas,2024-01-05,2.0698445,0.0
recanto_das_emas,2024-01-06,1.9024489,0.0
recanto_das_emas,2024-01-07,1.7699387,0.0
recanto_das_emas,2024-01-08,2.6104689,0.0
recanto_das_emas,2024-01-09,2.2051992,0.0
recanto_das_emas,2024-01-10,2.1317282,0.0
recanto_das_emas,2024-01-11,2.1468477,1.0
recanto_das_emas,2024-01-12,2.2164428,0.0
recanto_das_emas,2024-01-13,2.0084019,0.0
recanto_das_emas,2024-01-14,1.9127941,0.0
recanto_das_emas,2024-01-15,2.7224698,1.0
recanto_das_emas,2024-01-16,2.2515087,0.0
recanto_das_emas,2024-01-17,2.1584253,0.0
recanto_das_emas,2024-01-18,2.142383,0.0
recanto_das_emas,2024-01-19,2.238047,0.0
recanto_das_emas,2024-01-20,2.0350978,2.0
recanto_das_emas,2024-01-21,1.9127941,3.0
recanto_das_emas,2024-01-22,2.7224698,1.0
recanto_das_emas,2024-01-23,2.2515087,2.0
recanto_das_emas,2024-01-24,2.1584253,2.0
recanto_das_emas,2024-01-25,2.1456943,1.0
recanto_das_emas,2024-01-26,2.238047,0.0
recanto_das_emas,2024-01-27,2.0350978,0.0
recanto_das_emas,2024-01-28,1.9127941,2.0
recanto_das_emas,2024-01-29,2.6881866,3.0
recanto_das_emas,2024-01-30,2.2515087,1.0
recanto_das_emas,2024-01-31,2.1584253,4.0
recanto_das_emas,2024-02-01,2.0835218,0.0
recanto_das_emas,2024-02-02,2.1758745,1.0
recanto_das_emas,2024-02-03,1.9637778,0.0
recanto_das_emas,2024-02-04,1.7286726,2.0
recanto_das_emas,2024-02-05,2.4553342,4.0
recanto_das_emas,2024-02-06,2.1125903,1.0
recanto_das_emas,2024-02-07,2.0618162,1.0
recanto_das_emas,2024-02-08,2.0568252,3.0
recanto_das_emas,2024-02-09,2.1542704,4.0
recanto_das_emas,2024-02-10,1.9370812,2.0
recanto_das_emas,2024-02-11,1.7019752,0.0
recanto_das_emas,2024-02-12,2.428637,1.0
recanto_das_emas,2024-02-13,2.1552162,2.0
recanto_das_emas,2024-02-14,2.0669093,2.0
recanto_das_emas,2024-02-15,2.0619183,3.0
recanto_das_emas,2024-02-16,2.1542704,4.0
recanto_das_emas,2024-02-17,1.9338533,3.0
riacho_fundo,2023-12-14,1.628021,0.0
riacho_fundo,2023-12-15,1.6188114,0.0
riacho_fundo,2023-12-16,1.5284567,0.0
riacho_fundo,2023-12-17,1.4459095,0.0
riacho_fundo,2023-12-18,2.124776,0.0
riacho_fundo,2023-12-19,1.8124056,0.0
riacho_fundo,2023-12-20,1.8448167,0.0
riacho_fundo,2023-12-21,1.8518903,0.0
riacho_fundo,2023-12-22,1.8342767,1.0
riacho_fundo,2023-12-23,1.6193106,0.0
riacho_fundo,2023-12-24,1.4511528,0.0
riacho_fundo,2023-12-25,2.0993695,0.0
riacho_fundo,2023-12-26,1.9473205,0.0
riacho_fundo,2023-12-27,1.880399,0.0
riacho_fundo,2023-12-28,1.8518903,0.0
riacho_fundo,2023-12-29,1.7924078,0.0
riacho_fundo,2023-12-30,1.5832226,0.0
riacho_fundo,2023-12-31,1.4872408,0.0
riacho_fundo,2024-01-01,2.4394455,0.0
riacho_fundo,2024-01-02,2.0085518,0.0
riacho_fundo,2024-01-03,2.00949,0.0
riacho_fundo,2024-01-04,1.99676,1.0
riacho_fundo,2024-01-05,2.0408823,0.0
riacho_fundo,2024-01-06,1.9056768,1.0
riacho_fundo,2024-01-07,1.7699387,1.0
riacho_fundo,2024-01-08,2.6957726,0.0
riacho_fundo,2024-01-09,2.2063994,0.0
riacho_fundo,2024-01-10,2.1368213,0.0
riacho_fundo,2024-01-11,2.1189976,2.0
riacho_fundo,2024-01-12,2.2113497,0.0
riacho_fundo,2024-01-13,2.0350978,1.0
riacho_fundo,2024-01-14,1.9127941,0.0
riacho_fundo,2024-01-15,2.637166,0.0
riacho_fundo,2024-01-16,2.2515087,0.0
riacho_fundo,2024-01-17,2.1584253,0.0
riacho_fundo,2024-01-18,2.1456943,1.0
riacho_fundo,2024-01-19,2.238047,0.0
riacho_fundo,2024-01-20,2.0350978,1.0
riacho_fundo,2024-01-21,1.9127941,0.0
riacho_fundo,2024-01-22,2.6881866,0.0
riacho_fundo,2024-01-23,2.2515087,2.0
riacho_fundo,2024-01-24,2.1584253,0.0
riacho_fundo,2024-01-25,2.1456943,0.0
riacho_fundo,2024-01-26,2.238047,0.0
riacho_fundo,2024-01-27,2.0350978,1.0
riacho_fundo,2024-01-28,1.9127941,1.0
riacho_fundo,2024-01-29,2.6881866,2.0
riacho_fundo,2024-01-30,2.2515087,0.0
riacho_fundo,2024-01-31,2.1584253,2.0
riacho_fundo,2024-02-01,2.0835218,0.0
riacho_fundo,2024-02-02,2.1758745,2.0
riacho_fundo,2024-02-03,1.9637778,0.0
riacho_fundo,2024-02-04,1.7286726,1.0
riacho_fundo,2024-02-05,2.4553342,2.0
riacho_fundo,2024-02-06,2.1552162,2.0
riacho_fundo,2024-02-07,2.0669093,0.0
riacho_fundo,2024-02-08,2.0568252,4.0
riacho_fundo,2024-02-09,2.1542704,1.0
riacho_fundo,2024-02-10,1.9370812,2.0
riacho_fundo,2024-02-11,1.7019752,0.0
riacho_fundo,2024-02-12,2.428637,2.0
riacho_fundo,2024-02-13,2.1552162,2.0
riacho_fundo,2024-02-14,2.0669093,3.0
riacho_fundo_ii,2023-12-14,1.651032,0.0
riacho_fundo_ii,2023-12-15,1.5423582,0.0
riacho_fundo_ii,2023-12-16,1.4042611,0.0
riacho_fundo_ii,2023-12-17,1.425936,0.0
riacho_fundo_ii,2023-12-18,1.7802045,0.0
riacho_fundo_ii,2023-12-19,1.599791,0.0
riacho_fundo_ii,2023-12-20,1.6979563,0.0
riacho_fundo_ii,2023-12-21,1.7744389,1.0
riacho_fundo_ii,2023-12-22,1.7986934,0.0
riacho_fundo_ii,2023-12-23,1.5167952,0.0
riacho_fundo_ii,2023-12-24,1.3591423,0.0
riacho_fundo_ii,2023-12-25,2.0808878,0.0
riacho_fundo_ii,2023-12-26,1.8165536,0.0
riacho_fundo_ii,2023-12-27,1.880399,0.0
riacho_fundo_ii,2023-12-28,1.8518903,0.0
riacho_fundo_ii,2023-12-29,1.8342767,0.0
riacho_fundo_ii,2023-12-30,1.6193106,0.0
riacho_fundo_ii,2023-12-31,1.4511528,0.0
riacho_fundo_ii,2024-01-01,2.4394455,1.0
riacho_fundo_ii,2024-01-02,1.9995431,1.0
riacho_fundo_ii,2024-01-03,1.990224,0.0
riacho_fundo_ii,2024-01-04,1.9684851,0.0
riacho_fundo_ii,2024-01-05,2.0698445,0.0
riacho_fundo_ii,2024-01-06,1.9024489,0.0
riacho_fundo_ii,2024-01-07,1.7699387,0.0
riacho_fundo_ii,2024-01-08,2.6957726,1.0
riacho_fundo_ii,2024-01-09,2.1721778,0.0
riacho_fundo_ii,2024-01-10,2.1356215,0.0
riacho_fundo_ii,2024-01-11,2.1189976,0.0
riacho_fundo_ii,2024-01-12,2.2113497,0.0
riacho_fundo_ii,2024-01-13,2.0350978,1.0
riacho_fundo_ii,2024-01-14,1.9127941,0.0
riacho_fundo_ii,2024-01-15,2.7224698,0.0
riacho_fundo_ii,2024-01-16,2.2515087,0.0
riacho_fundo_ii,2024-01-17,2.1584253,0.0
riacho_fundo_ii,2024-01-18,2.1456943,0.0
riacho_fundo_ii,2024-01-19,2.238047,0.0
riacho_fundo_ii,2024-01-20,2.0350978,0.0
riacho_fundo_ii,2024-01-21,1.9127941,0.0
riacho_fundo_ii,2024-01-22,2.7224698,0.0
riacho_fundo_ii,2024-01-23,2.2515087,1.0
riacho_fundo_ii,2024-01-24,2.1584253,0.0
riacho_fundo_ii,2024-01-25,2.1456943,0.0
riacho_fundo_ii,2024-01-26,2.238047,0.0
riacho_fundo_ii,2024-01-27,2.0350978,1.0
riacho_fundo_ii,2024-01-28,1.9127941,0.0
riacho_fundo_ii,2024-01-29,2.6881866,0.0
riacho_fundo_ii,2024-01-30,2.2515087,0.0
riacho_fundo_ii,2024-01-31,2.1584253,2.0
riacho_fundo_ii,2024-02-01,2.0835218,0.0
riacho_fundo_ii,2024-02-02,2.1758745,1.0
riacho_fundo_ii,2024-02-03,1.9637778,2.0
riacho_fundo_ii,2024-02-04,1.7286726,0.0
riacho_fundo_ii,2024-02-05,2.4553342,4.0
riacho_fundo_ii,2024-02-06,2.1125903,2.0
riacho_fundo_ii,2024-02-07,2.0618162,1.0
riacho_fundo_ii,2024-02-08,2.0568252,2.0
riacho_fundo_ii,2024-02-09,2.1542704,2.0
riacho_fundo_ii,2024-02-10,1.9370812,3.0
riacho_fundo_ii,2024-02-11,1.7019752,3.0
riacho_fundo_ii,2024-02-12,2.428637,3.0
riacho_fundo_ii,2024-02-13,2.1552162,3.0
riacho_fundo_ii,2024-02-14,2.0669093,0.0
samambaia,2023-12-16,1.600673,0.0
samambaia,2023-12-17,1.4055417,0.0
samambaia,2023-12-18,1.8389902,2.0
samambaia,2023-12-19,1.6364543,2.0
samambaia,2023-12-20,1.6698799,0.0
samambaia,2023-12-21,1.618871,1.0
samambaia,2023-12-22,1.6140707,3.0
samambaia,2023-12-23,1.4777768,0.0
samambaia,2023-12-24,1.4290047,0.0
samambaia,2023-12-25,2.1512275,0.0
samambaia,2023-12-26,1.8755262,0.0
samambaia,2023-12-27,1.7439747,3.0
samambaia,2023-12-28,1.7154658,0.0
samambaia,2023-12-29,1.7724533,0.0
samambaia,2023-12-30,1.5832226,0.0
samambaia,2023-12-31,1.3645644,1.0
samambaia,2024-01-01,2.4394455,1.0
samambaia,2024-01-02,2.0085518,3.0
samambaia,2024-01-03,1.9796897,2.0
samambaia,2024-01-04,1.9328022,0.0
samambaia,2024-01-05,2.0698445,1.0
samambaia,2024-01-06,1.9024489,1.0
samambaia,2024-01-07,1.7667108,0.0
samambaia,2024-01-08,2.6104689,0.0
samambaia,2024-01-09,2.1721778,2.0
samambaia,2024-01-10,2.1356215,0.0
samambaia,2024-01-11,2.1468477,3.0
samambaia,2024-01-12,2.2113497,1.0
samambaia,2024-01-13,1.9577508,0.0
samambaia,2024-01-14,1.8935275,0.0
samambaia,2024-01-15,2.6881866,0.0
samambaia,2024-01-16,2.2515087,2.0
samambaia,2024-01-17,2.1584253,1.0
samambaia,2024-01-18,2.1456943,2.0
samambaia,2024-01-19,2.238047,1.0
samambaia,2024-01-20,2.0350978,1.0
samambaia,2024-01-21,1.9127941,1.0
samambaia,2024-01-22,2.7224698,4.0
samambaia,2024-01-23,2.2515087,1.0
samambaia,2024-01-24,2.1584253,0.0
samambaia,2024-01-25,2.1456943,0.0
samambaia,2024-01-26,2.238047,1.0
samambaia,2024-01-27,2.0350978,3.0
samambaia,2024-01-28,1.9127941,3.0
samambaia,2024-01-29,2.6881866,3.0
samambaia,2024-01-30,2.2515087,7.0
samambaia,2024-01-31,2.1584253,2.0
samambaia,2024-02-01,2.0835218,7.0
samambaia,2024-02-02,2.1758745,6.0
samambaia,2024-02-03,1.9637778,2.0
samambaia,2024-02-04,1.7286726,4.0
samambaia,2024-02-05,2.4553342,13.0
samambaia,2024-02-06,2.1552162,16.0
samambaia,2024-02-07,2.0618162,7.0
samambaia,2024-02-08,2.0568252,8.0
samambaia,2024-02-09,2.1542704,5.0
samambaia,2024-02-10,1.9370812,14.0
samambaia,2024-02-11,1.7019752,2.0
samambaia,2024-02-12,2.428637,8.0
samambaia,2024-02-13,2.1552162,6.0
samambaia,2024-02-14,2.0669093,8.0
samambaia,2024-02-15,2.0619183,11.0
samambaia,2024-02-16,2.1542704,8.0
santa_maria,2023-12-16,1.5649409,0.0
santa_maria,2023-12-17,1.5302317,0.0
santa_maria,2023-12-18,2.082087,2.0
santa_maria,2023-12-19,1.8188608,0.0
santa_maria,2023-12-20,1.8448167,1.0
santa_maria,2023-12-21,1.7026515,1.0
santa_maria,2023-12-22,1.746443,1.0
santa_maria,2023-12-23,1.6193106,0.0
santa_maria,2023-12-24,1.4511528,0.0
santa_maria,2023-12-25,2.0993695,0.0
santa_maria,2023-12-26,1.9054525,0.0
santa_maria,2023-12-27,1.7500179,0.0
santa_maria,2023-12-28,1.8518903,2.0
santa_maria,2023-12-29,1.7334349,0.0
santa_maria,2023-12-30,1.6193106,1.0
santa_maria,2023-12-31,1.4511528,1.0
santa_maria,2024-01-01,2.409122,0.0
santa_maria,2024-01-02,2.0085518,1.0
santa_maria,2024-01-03,1.9796897,1.0
santa_maria,2024-01-04,1.977494,0.0
santa_maria,2024-01-05,2.0698445,0.0
santa_maria,2024-01-06,1.9024489,1.0
santa_maria,2024-01-07,1.7699387,0.0
santa_maria,2024-01-08,2.6104689,0.0
santa_maria,2024-01-09,2.2148037,1.0
santa_maria,2024-01-10,2.1317282,1.0
santa_maria,2024-01-11,2.1468477,0.0
santa_maria,2024-01-12,2.2113497,0.0
santa_maria,2024-01-13,2.0084019,1.0
santa_maria,2024-01-14,1.9095662,3.0
santa_maria,2024-01-15,2.637166,3.0
santa_maria,2024-01-16,2.2941346,2.0
santa_maria,2024-01-17,2.1635184,2.0
santa_maria,2024-01-18,2.1456943,1.0
santa_maria,2024-01-19,2.24314,1.0
santa_maria,2024-01-20,2.0350978,3.0
santa_maria,2024-01-21,1.9127941,1.0
santa_maria,2024-01-22,2.6881866,3.0
santa_maria,2024-01-23,2.2515087,4.0
santa_maria,2024-01-24,2.1584253,4.0
santa_maria,2024-01-25,2.1456943,4.0
santa_maria,2024-01-26,2.238047,2.0
santa_maria,2024-01-27,2.0350978,2.0
santa_maria,2024-01-28,1.9127941,1.0
santa_maria,2024-01-29,2.6881866,4.0
santa_maria,2024-01-30,2.2515087,7.0
santa_maria,2024-01-31,2.1584253,4.0
santa_maria,2024-02-01,2.0835218,6.0
santa_maria,2024-02-02,2.1758745,1.0
santa_maria,2024-02-03,1.9637778,6.0
santa_maria,2024-02-04,1.7286726,2.0
santa_maria,2024-02-05,2.4553342,6.0
santa_maria,2024-02-06,2.1552162,7.0
santa_maria,2024-02-07,2.0618162,8.0
santa_maria,2024-02-08,2.0568252,5.0
santa_maria,2024-02-09,2.1542704,2.0
santa_maria,2024-02-10,1.9370812,5.0
santa_maria,2024-02-11,1.7019752,2.0
santa_maria,2024-02-12,2.428637,5.0
santa_maria,2024-02-13,2.1552162,5.0
santa_maria,2024-02-14,2.0669093,8.0
santa_maria,2024-02-15,2.0619183,12.0
santa_maria,2024-02-16,2.1542704,4.0
sao_sebastiao,2023-12-18,1.9844222,1.0
sao_sebastiao,2023-12-19,1.7139742,0.0
sao_sebastiao,2023-12-20,1.790087,2.0
sao_sebastiao,2023-12-21,1.6707036,0.0
sao_sebastiao,2023-12-22,1.6918807,0.0
sao_sebastiao,2023-12-23,1.5372822,2.0
sao_sebastiao,2023-12-24,1.3981607,0.0
sao_sebastiao,2023-12-25,2.0183158,0.0
sao_sebastiao,2023-12-26,1.8755262,0.0
sao_sebastiao,2023-12-27,1.7251732,1.0
sao_sebastiao,2023-12-28,1.8163078,0.0
sao_sebastiao,2023-12-29,1.8342767,2.0
sao_sebastiao,2023-12-30,1.5523789,0.0
sao_sebastiao,2023-12-31,1.4511528,0.0
sao_sebastiao,2024-01-01,2.409122,0.0
sao_sebastiao,2024-01-02,1.9795893,1.0
sao_sebastiao,2024-01-03,1.8603436,1.0
sao_sebastiao,2024-01-04,1.9328022,2.0
sao_sebastiao,2024-01-05,2.0698445,3.0
sao_sebastiao,2024-01-06,1.8440328,1.0
sao_sebastiao,2024-01-07,1.7699387,0.0
sao_sebastiao,2024-01-08,2.4389238,0.0
sao_sebastiao,2024-01-09,2.0093904,2.0
sao_sebastiao,2024-01-10,2.00949,0.0
sao_sebastiao,2024-01-11,2.1468477,1.0
sao_sebastiao,2024-01-12,2.2164428,0.0
sao_sebastiao,2024-01-13,2.0084019,1.0
sao_sebastiao,2024-01-14,1.8828692,0.0
sao_sebastiao,2024-01-15,2.6957726,2.0
sao_sebastiao,2024-01-16,2.1721778,0.0
sao_sebastiao,2024-01-17,2.1551142,1.0
sao_sebastiao,2024-01-18,2.1456943,1.0
sao_sebastiao,2024-01-19,2.24314,0.0
sao_sebastiao,2024-01-20,2.0350978,0.0
sao_sebastiao,2024-01-21,1.9127941,1.0
sao_sebastiao,2024-01-22,2.7224698,0.0
sao_sebastiao,2024-01-23,2.2515087,4.0
sao_sebastiao,2024-01-24,2.1584253,1.0
sao_sebastiao,2024-01-25,2.1456943,2.0
sao_sebastiao,2024-01-26,2.238047,5.0
sao_sebastiao,2024-01-27,2.0350978,0.0
sao_sebastiao,2024-01-28,1.9127941,6.0
sao_sebastiao,2024-01-29,2.6881866,5.0
sao_sebastiao,2024-01-30,2.2515087,3.0
sao_sebastiao,2024-01-31,2.1584253,4.0
sao_sebastiao,2024-02-01,2.0835218,0.0
sao_sebastiao,2024-02-02,2.1758745,0.0
sao_sebastiao,2024-02-03,1.9637778,1.0
sao_sebastiao,2024-02-04,1.7286726,3.0
sao_sebastiao,2024-02-05,2.4553342,3.0
sao_sebastiao,2024-02-06,2.1125903,8.0
sao_sebastiao,2024-02-07,2.0618162,1.0
sao_sebastiao,2024-02-08,2.0568252,6.0
sao_sebastiao,2024-02-09,2.1542704,4.0
sao_sebastiao,2024-02-10,1.9370812,4.0
sao_sebastiao,2024-02-11,1.7019752,0.0
sao_sebastiao,2024-02-12,2.428637,2.0
sao_sebastiao,2024-02-13,2.1552162,4.0
sao_sebastiao,2024-02-14,2.0669093,0.0
sao_sebastiao,2024-02-15,2.0619183,4.0
sao_sebastiao,2024-02-16,2.1542704,3.0
sao_sebastiao,2024-02-17,1.9338533,4.0
sao_sebastiao,2024-02-18,1.7019752,0.0
scia,2023-12-09,1.4518132,0.0
scia,2023-12-10,1.425936,0.0
scia,2023-12-11,1.9298244,0.0
scia,2023-12-12,1.6783233,0.0
scia,2023-12-13,1.6698799,0.0
scia,2023-12-14,1.7209771,0.0
scia,2023-12-15,1.7033627,0.0
scia,2023-12-16,1.5837269,0.0
scia,2023-12-17,1.4650927,0.0
scia,2023-12-18,2.1512275,0.0
scia,2023-12-19,1.8755262,0.0
scia,2023-12-20,1.880399,0.0
scia,2023-12-21,1.8100221,0.0
scia,2023-12-22,1.8342767,0.0
scia,2023-12-23,1.6193106,0.0
scia,2023-12-24,1.4511528,0.0
scia,2023-12-25,2.1964116,0.0
scia,2023-12-26,1.9473205,0.0
scia,2023-12-27,1.880399,0.0
scia,2023-12-28,1.8518903,0.0
scia,2023-12-29,1.8342767,0.0
scia,2023-12-30,1.6193106,0.0
scia,2023-12-31,1.4511528,0.0
scia,2024-01-01,2.4394455,1.0
scia,2024-01-02,2.038354,0.0
scia,2024-01-03,2.00949,0.0
scia,2024-01-04,1.99676,0.0
scia,2024-01-05,2.0698445,0.0
scia,2024-01-06,1.9024489,0.0
scia,2024-01-07,1.7667108,0.0
scia,2024-01-08,2.6957726,0.0
scia,2024-01-09,2.1721778,0.0
scia,2024-01-10,2.1317282,0.0
scia,2024-01-11,2.1189976,0.0
scia,2024-01-12,2.2113497,0.0
scia,2024-01-13,2.0084019,0.0
scia,2024-01-14,1.9127941,0.0
scia,2024-01-15,2.7224698,0.0
scia,2024-01-16,2.2515087,0.0
scia,2024-01-17,2.1584253,0.0
scia,2024-01-18,2.1456943,0.0
scia,2024-01-19,2.238047,1.0
scia,2024-01-20,2.0350978,0.0
scia,2024-01-21,1.9127941,0.0
scia,2024-01-22,2.6881866,0.0
scia,2024-01-23,2.2515087,0.0
scia,2024-01-24,2.1584253,0.0
scia,2024-01-25,2.1456943,0.0
scia,2024-01-26,2.238047,0.0
scia,2024-01-27,2.0350978,1.0
scia,2024-01-28,1.9127941,0.0
scia,2024-01-29,2.6881866,0.0
scia,2024-01-30,2.2515087,0.0
scia,2024-01-31,2.1584253,0.0
scia,2024-02-01,2.0835218,0.0
scia,2024-02-02,2.1758745,1.0
scia,2024-02-03,1.9637778,0.0
scia,2024-02-04,1.7286726,0.0
scia,2024-02-05,2.4553342,0.0
scia,2024-02-06,2.1552162,0.0
scia,2024-02-07,2.0669093,0.0
scia,2024-02-08,2.0568252,0.0
scia,2024-02-09,2.1542704,1.0
sia,2023-12-01,1.6334176,0.0
sia,2023-12-02,1.4879012,0.0
sia,2023-12-03,1.425936,0.0
sia,2023-12-04,1.9298244,0.0
sia,2023-12-05,1.6783233,0.0
sia,2023-12-06,1.7398252,0.0
sia,2023-12-07,1.6791081,0.0
sia,2023-12-08,1.7986934,0.0
sia,2023-12-09,1.5837269,0.0
sia,2023-12-10,1.4650927,0.0
sia,2023-12-11,2.1512275,0.0
sia,2023-12-12,1.9054525,0.0
sia,2023-12-13,1.880399,0.0
sia,2023-12-14,1.8518903,0.0
sia,2023-12-15,1.8342767,0.0
sia,2023-12-16,1.6193106,0.0
sia,2023-12-17,1.4872408,0.0
sia,2023-12-18,2.1964116,1.0
sia,2023-12-19,1.9473205,0.0
sia,2023-12-20,1.880399,0.0
sia,2023-12-21,1.8518903,0.0
sia,2023-12-22,1.8342767,0.0
sia,2023-12-23,1.6193106,0.0
sia,2023-12-24,1.4872408,0.0
sia,2023-12-25,2.1964116,0.0
sia,2023-12-26,1.8854973,0.0
sia,2023-12-27,1.880399,0.0
sia,2023-12-28,1.8518903,0.0
sia,2023-12-29,1.8342767,0.0
sia,2023-12-30,1.6193106,0.0
sia,2023-12-31,1.4872408,0.0
sia,2024-01-01,2.4394455,0.0
sia,2024-01-02,2.0085518,0.0
sia,2024-01-03,2.00949,0.0
sia,2024-01-04,1.99676,0.0
sia,2024-01-05,2.0698445,0.0
sia,2024-01-06,1.9056768,0.0
sia,2024-01-07,1.7699387,0.0
sia,2024-01-08,2.6957726,0.0
sia,2024-01-09,2.1721778,0.0
sia,2024-01-10,2.1317282,0.0
sia,2024-01-11,2.1189976,0.0
sia,2024-01-12,2.2113497,0.0
sia,2024-01-13,2.0350978,0.0
sia,2024-01-14,1.9127941,0.0
sia,2024-01-15,2.6881866,0.0
sia,2024-01-16,2.2515087,0.0
sia,2024-01-17,2.1584253,0.0
sia,2024-01-18,2.1456943,0.0
sia,2024-01-19,2.238047,0.0
sia,2024-01-20,2.0350978,0.0
sia,2024-01-21,1.9127941,1.0
sia,2024-01-22,2.6881866,0.0
sia,2024-01-23,2.2515087,0.0
sia,2024-01-24,2.1584253,0.0
sia,2024-01-25,2.1456943,0.0
sia,2024-01-26,2.238047,0.0
sia,2024-01-27,2.0350978,0.0
sia,2024-01-28,1.9127941,0.0
sia,2024-01-29,2.6881866,0.0
sia,2024-01-30,2.2515087,0.0
sia,2024-01-31,2.1584253,0.0
sia,2024-02-01,2.0835218,0.0
sistema_penitenciario,2022-07-04,3.396583,0.0
sistema_penitenciario,2022-07-05,3.473549,0.0
sistema_penitenciario,2022-07-06,3.478198,0.0
sistema_penitenciario,2022-07-07,3.4887204,0.0
sistema_penitenciario,2022-07-08,3.5473948,0.0
sistema_penitenciario,2022-07-09,3.4353116,0.0
sistema_penitenciario,2022-07-10,2.2761686,0.0
sistema_penitenciario,2022-07-11,3.9218578,0.0
sistema_penitenciario,2022-07-12,3.6000414,0.0
sistema_penitenciario,2022-07-13,3.2349973,0.0
sistema_penitenciario,2022-07-14,3.50981,0.0
sistema_penitenciario,2022-07-15,3.5332332,0.0
sistema_penitenciario,2022-07-16,2.7566898,0.0
sistema_penitenciario,2022-07-17,2.3082945,0.0
sistema_penitenciario,2022-07-18,3.7471309,0.0
sistema_penitenciario,2022-07-19,3.6093454,0.0
sistema_penitenciario,2022-07-20,3.2602344,0.0
sistema_penitenciario,2022-07-21,3.470406,0.0
sistema_penitenciario,2022-07-22,3.4785876,0.0
sistema_penitenciario,2022-07-23,2.9577842,0.0
sistema_penitenciario,2022-07-24,2.5191088,0.0
sistema_penitenciario,2022-07-25,3.8064713,0.0
sistema_penitenciario,2022-07-26,3.4909444,0.0
sistema_penitenciario,2022-07-27,3.2084084,0.0
sistema_penitenciario,2022-07-28,3.1440587,0.0
sistema_penitenciario,2022-07-29,3.4785876,0.0
sistema_penitenciario,2022-07-30,2.9577842,0.0
sistema_penitenciario,2022-07-31,2.4119542,0.0
sistema_penitenciario,2022-08-01,3.8541794,0.0
sistema_penitenciario,2022-08-02,3.554657,0.0
sistema_penitenciario,2022-08-03,3.453652,0.0
sistema_penitenciario,2022-08-04,3.3801055,0.0
sistema_penitenciario,2022-08-05,3.5332332,0.0
sistema_penitenciario,2022-08-06,2.737768,0.0
sistema_penitenciario,2022-08-07,2.5191526,0.0
sistema_penitenciario,2022-08-08,3.8270288,0.0
sistema_penitenciario,2022-08-09,3.5270743,0.0
sistema_penitenciario,2022-08-10,3.2963643,0.0
sistema_penitenciario,2022-08-11,3.31312,0.0
sistema_penitenciario,2022-08-12,3.3798823,0.0
sistema_penitenciario,2022-08-13,2.8464215,0.0
sistema_penitenciario,2022-08-14,2.4632456,0.0
sistema_penitenciario,2022-08-15,3.7876248,0.0
sistema_penitenciario,2022-08-16,3.4876714,0.0
sistema_penitenciario,2022-08-17,3.2963643,0.0
sistema_penitenciario,2022-08-18,3.31312,0.0
sistema_penitenciario,2022-08-19,3.3798823,0.0
sistema_penitenciario,2022-08-20,2.8657153,0.0
sistema_penitenciario,2022-08-21,2.4632456,0.0
sistema_penitenciario,2022-08-22,3.7876248,0.0
sistema_penitenciario,2022-08-23,3.4876714,0.0
sistema_penitenciario,2022-08-24,3.2963643,0.0
sistema_penitenciario,2022-08-25,3.31312,0.0
sistema_penitenciario,2022-08-26,3.3798823,0.0
sistema_penitenciario,2022-08-27,2.8657153,0.0
sistema_penitenciario,2022-08-28,2.4632456,0.0
sistema_penitenciario,2022-08-29,3.7876248,0.0
sistema_penitenciario,2022-08-30,3.4876714,0.0
sistema_penitenciario,2022-08-31,3.2963643,0.0
sistema_penitenciario,2022-09-01,3.3082695,0.0
sistema_penitenciario,2022-09-02,3.345407,0.0
sistema_penitenciario,2022-09-03,2.831241,0.0
sistema_penitenciario,2022-09-04,2.4481127,0.0
sobradinho,2023-12-18,2.0650988,2.0
sobradinho,2023-12-19,1.9173949,1.0
sobradinho,2023-12-20,1.7960012,1.0
sobradinho,2023-12-21,1.8163078,2.0
sobradinho,2023-12-22,1.7368698,2.0
sobradinho,2023-12-23,1.4966342,2.0
sobradinho,2023-12-24,1.3591423,0.0
sobradinho,2023-12-25,2.1332283,0.0
sobradinho,2023-12-26,1.8186669,3.0
sobradinho,2023-12-27,1.7500179,1.0
sobradinho,2023-12-28,1.8518903,0.0
sobradinho,2023-12-29,1.7167089,0.0
sobradinho,2023-12-30,1.5133603,3.0
sobradinho,2023-12-31,1.3812904,0.0
sobradinho,2024-01-01,2.4394455,1.0
sobradinho,2024-01-02,1.8861519,3.0
sobradinho,2024-01-03,1.9604236,0.0
sobradinho,2024-01-04,1.9527569,2.0
sobradinho,2024-01-05,1.9861362,1.0
sobradinho,2024-01-06,1.8864102,3.0
sobradinho,2024-01-07,1.7667108,0.0
sobradinho,2024-01-08,2.4692473,2.0
sobradinho,2024-01-09,2.0093904,0.0
sobradinho,2024-01-10,2.1272168,2.0
sobradinho,2024-01-11,2.1189976,1.0
sobradinho,2024-01-12,2.2391999,3.0
sobradinho,2024-01-13,1.9967693,2.0
sobradinho,2024-01-14,1.8232446,4.0
sobradinho,2024-01-15,2.6104689,1.0
sobradinho,2024-01-16,2.1721778,3.0
sobradinho,2024-01-17,2.1635184,2.0
sobradinho,2024-01-18,2.1507874,4.0
sobradinho,2024-01-19,2.238047,3.0
sobradinho,2024-01-20,2.0318701,2.0
sobradinho,2024-01-21,1.9127941,3.0
sobradinho,2024-01-22,2.6881866,4.0
sobradinho,2024-01-23,2.2515087,2.0
sobradinho,2024-01-24,2.1584253,2.0
sobradinho,2024-01-25,2.1456943,4.0
sobradinho,2024-01-26,2.238047,7.0
sobradinho,2024-01-27,2.0350978,2.0
sobradinho,2024-01-28,1.9127941,0.0
sobradinho,2024-01-29,2.6881866,3.0
sobradinho,2024-01-30,2.2515087,6.0
sobradinho,2024-01-31,2.1584253,8.0
sobradinho,2024-02-01,2.0835218,6.0
sobradinho,2024-02-02,2.1758745,5.0
sobradinho,2024-02-03,1.9637778,6.0
sobradinho,2024-02-04,1.7286726,6.0
sobradinho,2024-02-05,2.4553342,13.0
sobradinho,2024-02-06,2.1125903,12.0
sobradinho,2024-02-07,2.0618162,12.0
sobradinho,2024-02-08,2.0568252,17.0
sobradinho,2024-02-09,2.1491773,9.0
sobradinho,2024-02-10,1.9370812,8.0
sobradinho,2024-02-11,1.7019752,4.0
sobradinho,2024-02-12,2.428637,10.0
sobradinho,2024-02-13,2.1552162,9.0
sobradinho,2024-02-14,2.0669093,14.0
sobradinho,2024-02-15,2.0619183,14.0
sobradinho,2024-02-16,2.1542704,18.0
sobradinho,2024-02-17,1.9370812,11.0
sobradinho,2024-02-18,1.7019752,0.0
sobradinho_ii,2023-12-17,1.3705542,0.0
sobradinho_ii,2023-12-18,1.9298244,0.0
sobradinho_ii,2023-12-19,1.599791,2.0
sobradinho_ii,2023-12-20,1.5913482,3.0
sobradinho_ii,2023-12-21,1.6316853,0.0
sobradinho_ii,2023-12-22,1.7986934,0.0
sobradinho_ii,2023-12-23,1.4819007,0.0
sobradinho_ii,2023-12-24,1.4650927,0.0
sobradinho_ii,2023-12-25,2.1512275,0.0
sobradinho_ii,2023-12-26,1.8165536,0.0
sobradinho_ii,2023-12-27,1.8029478,1.0
sobradinho_ii,2023-12-28,1.8100221,0.0
sobradinho_ii,2023-12-29,1.7924078,0.0
sobradinho_ii,2023-12-30,1.5523789,1.0
sobradinho_ii,2023-12-31,1.4511528,1.0
sobradinho_ii,2024-01-01,2.4394455,0.0
sobradinho_ii,2024-01-02,2.0085518,0.0
sobradinho_ii,2024-01-03,1.9507264,2.0
sobradinho_ii,2024-01-04,1.977494,0.0
sobradinho_ii,2024-01-05,2.0608366,0.0
sobradinho_ii,2024-01-06,1.9024489,2.0
sobradinho_ii,2024-01-07,1.7467558,1.0
sobradinho_ii,2024-01-08,2.6104689,0.0
sobradinho_ii,2024-01-09,2.2148037,0.0
sobradinho_ii,2024-01-10,2.1317282,0.0
sobradinho_ii,2024-01-11,2.1189976,0.0
sobradinho_ii,2024-01-12,2.2164428,1.0
sobradinho_ii,2024-01-13,2.0084019,0.0
sobradinho_ii,2024-01-14,1.9127941,0.0
sobradinho_ii,2024-01-15,2.7224698,2.0
sobradinho_ii,2024-01-16,2.2515087,0.0
sobradinho_ii,2024-01-17,2.1584253,0.0
sobradinho_ii,2024-01-18,2.1456943,1.0
sobradinho_ii,2024-01-19,2.24314,2.0
sobradinho_ii,2024-01-20,2.0350978,0.0
sobradinho_ii,2024-01-21,1.9127941,0.0
sobradinho_ii,2024-01-22,2.7224698,1.0
sobradinho_ii,2024-01-23,2.2515087,2.0
sobradinho_ii,2024-01-24,2.1584253,0.0
sobradinho_ii,2024-01-25,2.1456943,1.0
sobradinho_ii,2024-01-26,2.238047,1.0
sobradinho_ii,2024-01-27,2.0350978,1.0
sobradinho_ii,2024-01-28,1.9127941,2.0
sobradinho_ii,2024-01-29,2.6881866,2.0
sobradinho_ii,2024-01-30,2.2515087,0.0
sobradinho_ii,2024-01-31,2.1584253,1.0
sobradinho_ii,2024-02-01,2.0835218,2.0
sobradinho_ii,2024-02-02,2.1758745,4.0
sobradinho_ii,2024-02-03,1.9637778,3.0
sobradinho_ii,2024-02-04,1.7286726,1.0
sobradinho_ii,2024-02-05,2.4553342,3.0
sobradinho_ii,2024-02-06,2.1552162,3.0
sobradinho_ii,2024-02-07,2.0618162,1.0
sobradinho_ii,2024-02-08,2.0568252,2.0
sobradinho_ii,2024-02-09,2.1542704,1.0
sobradinho_ii,2024-02-10,1.9370812,4.0
sobradinho_ii,2024-02-11,1.7019752,0.0
sobradinho_ii,2024-02-12,2.428637,2.0
sobradinho_ii,2024-02-13,2.1552162,3.0
sobradinho_ii,2024-02-14,2.0669093,5.0
sobradinho_ii,2024-02-15,2.0619183,5.0
sobradinho_ii,2024-02-16,2.1542704,2.0
sobradinho_ii,2024-02-17,1.9338533,2.0
sudoeste_octogonal,2023-12-18,2.8181396,3.0
sudoeste_octogonal,2023-12-19,2.1928978,2.0
sudoeste_octogonal,2023-12-20,2.0307312,0.0
sudoeste_octogonal,2023-12-21,2.0448942,4.0
sudoeste_octogonal,2023-12-22,2.2839293,3.0
sudoeste_octogonal,2023-12-23,1.6626325,0.0
sudoeste_octogonal,2023-12-24,1.512526,0.0
sudoeste_octogonal,2023-12-25,2.4527378,0.0
sudoeste_octogonal,2023-12-26,2.1109452,2.0
sudoeste_octogonal,2023-12-27,2.015532,5.0
sudoeste_octogonal,2023-12-28,1.9729496,3.0
sudoeste_octogonal,2023-12-29,1.97224,1.0
sudoeste_octogonal,2023-12-30,1.5989513,4.0
sudoeste_octogonal,2023-12-31,1.466881,0.0
sudoeste_octogonal,2024-01-01,2.4692473,0.0
sudoeste_octogonal,2024-01-02,2.038354,1.0
sudoeste_octogonal,2024-01-03,1.9279102,0.0
sudoeste_octogonal,2024-01-04,1.977494,3.0
sudoeste_octogonal,2024-01-05,2.0608366,2.0
sudoeste_octogonal,2024-01-06,1.882494,0.0
sudoeste_octogonal,2024-01-07,1.7699387,1.0
sudoeste_octogonal,2024-01-08,2.6614895,4.0
sudoeste_octogonal,2024-01-09,2.1721778,6.0
sudoeste_octogonal,2024-01-10,2.1317282,5.0
sudoeste_octogonal,2024-01-11,2.1189976,2.0
sudoeste_octogonal,2024-01-12,2.208038,2.0
sudoeste_octogonal,2024-01-13,2.005174,1.0
sudoeste_octogonal,2024-01-14,1.8692076,1.0
sudoeste_octogonal,2024-01-15,2.5715399,2.0
sudoeste_octogonal,2024-01-16,2.2941346,2.0
sudoeste_octogonal,2024-01-17,2.1635184,2.0
sudoeste_octogonal,2024-01-18,2.1456943,3.0
sudoeste_octogonal,2024-01-19,2.1957166,5.0
sudoeste_octogonal,2024-01-20,2.0318701,2.0
sudoeste_octogonal,2024-01-21,1.9127941,2.0
sudoeste_octogonal,2024-01-22,2.6881866,3.0
sudoeste_octogonal,2024-01-23,2.2941346,6.0
sudoeste_octogonal,2024-01-24,2.1635184,1.0
sudoeste_octogonal,2024-01-25,2.1507874,3.0
sudoeste_octogonal,2024-01-26,2.24314,3.0
sudoeste_octogonal,2024-01-27,2.0350978,2.0
sudoeste_octogonal,2024-01-28,1.9127941,3.0
sudoeste_octogonal,2024-01-29,2.6881866,9.0
sudoeste_octogonal,2024-01-30,2.2941346,4.0
sudoeste_octogonal,2024-01-31,2.1635184,6.0
sudoeste_octogonal,2024-02-01,2.0835218,5.0
sudoeste_octogonal,2024-02-02,2.1758745,3.0
sudoeste_octogonal,2024-02-03,1.9637778,4.0
sudoeste_octogonal,2024-02-04,1.7286726,2.0
sudoeste_octogonal,2024-02-05,2.4553342,18.0
sudoeste_octogonal,2024-02-06,2.1552162,11.0
sudoeste_octogonal,2024-02-07,2.0618162,14.0
sudoeste_octogonal,2024-02-08,2.0568252,10.0
sudoeste_octogonal,2024-02-09,2.1542704,8.0
sudoeste_octogonal,2024-02-10,1.9370812,6.0
sudoeste_octogonal,2024-02-11,1.7019752,3.0
sudoeste_octogonal,2024-02-12,2.428637,4.0
sudoeste_octogonal,2024-02-13,2.1552162,3.0
sudoeste_octogonal,2024-02-14,2.0669093,11.0
sudoeste_octogonal,2024-02-15,2.0619183,11.0
sudoeste_octogonal,2024-02-16,2.1542704,15.0
sudoeste_octogonal,2024-02-17,1.9338533,10.0
sudoeste_octogonal,2024-02-18,1.7019752,4.0
taguatinga,2023-12-17,1.389848,0.0
taguatinga,2023-12-18,1.8389902,4.0
taguatinga,2023-12-19,1.5869768,0.0
taguatinga,2023-12-20,1.5913482,3.0
taguatinga,2023-12-21,1.7209771,3.0
taguatinga,2023-12-22,1.7033627,5.0
taguatinga,2023-12-23,1.4428823,0.0
taguatinga,2023-12-24,1.3981607,2.0
taguatinga,2023-12-25,2.0808878,3.0
taguatinga,2023-12-26,1.8165536,2.0
taguatinga,2023-12-27,1.8448167,0.0
taguatinga,2023-12-28,1.8518903,1.0
taguatinga,2023-12-29,1.7038946,1.0
taguatinga,2023-12-30,1.6193106,1.0
taguatinga,2023-12-31,1.4203088,0.0
taguatinga,2024-01-01,2.3752637,0.0
taguatinga,2024-01-02,2.0085518,2.0
taguatinga,2024-01-03,1.9706811,0.0
taguatinga,2024-01-04,1.9527569,0.0
taguatinga,2024-01-05,2.0608366,2.0
taguatinga,2024-01-06,1.9056768,2.0
taguatinga,2024-01-07,1.7667108,1.0
taguatinga,2024-01-08,2.6957726,0.0
taguatinga,2024-01-09,2.1721778,3.0
taguatinga,2024-01-10,2.1272168,1.0
taguatinga,2024-01-11,2.138443,6.0
taguatinga,2024-01-12,2.2113497,4.0
taguatinga,2024-01-13,2.0318701,1.0
taguatinga,2024-01-14,1.9127941,1.0
taguatinga,2024-01-15,2.6881866,4.0
taguatinga,2024-01-16,2.2515087,2.0
taguatinga,2024-01-17,2.1584253,2.0
taguatinga,2024-01-18,2.1507874,3.0
taguatinga,2024-01-19,2.238047,1.0
taguatinga,2024-01-20,2.0350978,2.0
taguatinga,2024-01-21,1.9127941,2.0
taguatinga,2024-01-22,2.7224698,5.0
taguatinga,2024-01-23,2.2515087,4.0
taguatinga,2024-01-24,2.1584253,3.0
taguatinga,2024-01-25,2.1456943,6.0
taguatinga,2024-01-26,2.238047,3.0
taguatinga,2024-01-27,2.0350978,6.0
taguatinga,2024-01-28,1.9127941,3.0
taguatinga,2024-01-29,2.6881866,13.0
taguatinga,2024-01-30,2.2515087,6.0
taguatinga,2024-01-31,2.1584253,7.0
taguatinga,2024-02-01,2.0835218,13.0
taguatinga,2024-02-02,2.1758745,8.0
taguatinga,2024-02-03,1.9637778,12.0
taguatinga,2024-02-04,1.7286726,6.0
taguatinga,2024-02-05,2.4553342,20.0
taguatinga,2024-02-06,2.1552162,16.0
taguatinga,2024-02-07,2.0618162,15.0
taguatinga,2024-02-08,2.0568252,14.0
taguatinga,2024-02-09,2.1542704,16.0
taguatinga,2024-02-10,1.9370812,10.0
taguatinga,2024-02-11,1.7019752,7.0
taguatinga,2024-02-12,2.428637,13.0
taguatinga,2024-02-13,2.1552162,11.0
taguatinga,2024-02-14,2.0669093,16.0
taguatinga,2024-02-15,2.0619183,28.0
taguatinga,2024-02-16,2.1542704,22.0
taguatinga,2024-02-17,1.9338533,13.0
varjao,2023-12-15,1.6334176,0.0
varjao,2023-12-16,1.4518132,0.0
varjao,2023-12-17,1.425936,0.0
varjao,2023-12-18,1.9298244,0.0
varjao,2023-12-19,1.6783233,1.0
varjao,2023-12-20,1.7398252,0.0
varjao,2023-12-21,1.7209771,0.0
varjao,2023-12-22,1.7986934,0.0
varjao,2023-12-23,1.5167952,0.0
varjao,2023-12-24,1.4650927,0.0
varjao,2023-12-25,2.1512275,0.0
varjao,2023-12-26,1.9473205,0.0
varjao,2023-12-27,1.880399,0.0
varjao,2023-12-28,1.7900674,0.0
varjao,2023-12-29,1.8342767,0.0
varjao,2023-12-30,1.6193106,0.0
varjao,2023-12-31,1.4203088,0.0
varjao,2024-01-01,2.4394455,0.0
varjao,2024-01-02,2.0085518,0.0
varjao,2024-01-03,1.9706811,0.0
varjao,2024-01-04,1.977494,0.0
varjao,2024-01-05,2.0698445,0.0
varjao,2024-01-06,1.9056768,0.0
varjao,2024-01-07,1.7699387,2.0
varjao,2024-01-08,2.5281167,2.0
varjao,2024-01-09,2.2148037,0.0
varjao,2024-01-10,2.1317282,1.0
varjao,2024-01-11,2.1189976,1.0
varjao,2024-01-12,2.2113497,0.0
varjao,2024-01-13,2.0084019,1.0
varjao,2024-01-14,1.8860972,0.0
varjao,2024-01-15,2.7224698,1.0
varjao,2024-01-16,2.2515087,0.0
varjao,2024-01-17,2.1584253,0.0
varjao,2024-01-18,2.1456943,0.0
varjao,2024-01-19,2.238047,1.0
varjao,2024-01-20,2.0350978,1.0
varjao,2024-01-21,1.9127941,0.0
varjao,2024-01-22,2.7224698,0.0
varjao,2024-01-23,2.2515087,1.0
varjao,2024-01-24,2.1584253,0.0
varjao,2024-01-25,2.1456943,0.0
varjao,2024-01-26,2.238047,0.0
varjao,2024-01-27,2.0350978,0.0
varjao,2024-01-28,1.9127941,0.0
varjao,2024-01-29,2.6881866,0.0
varjao,2024-01-30,2.2515087,0.0
varjao,2024-01-31,2.1584253,0.0
varjao,2024-02-01,2.0835218,0.0
varjao,2024-02-02,2.1758745,0.0
varjao,2024-02-03,1.9637778,0.0
varjao,2024-02-04,1.7286726,1.0
varjao,2024-02-05,2.4553342,0.0
varjao,2024-02-06,2.1552162,0.0
varjao,2024-02-07,2.0618162,0.0
varjao,2024-02-08,2.0568252,1.0
varjao,2024-02-09,2.1542704,0.0
varjao,2024-02-10,1.9370812,0.0
varjao,2024-02-11,1.7019752,1.0
varjao,2024-02-12,2.428637,0.0
varjao,2024-02-13,2.1552162,1.0
varjao,2024-02-14,2.0669093,1.0
varjao,2024-02-15,2.0619183,0.0
vicente_pires,2023-12-14,1.8372834,0.0
vicente_pires,2023-12-15,1.773705,0.0
vicente_pires,2023-12-16,1.5406227,0.0
vicente_pires,2023-12-17,1.4452696,0.0
vicente_pires,2023-12-18,2.0304246,0.0
vicente_pires,2023-12-19,1.8056605,2.0
vicente_pires,2023-12-20,1.7439747,0.0
vicente_pires,2023-12-21,1.8518903,1.0
vicente_pires,2023-12-22,1.7167089,0.0
vicente_pires,2023-12-23,1.5832226,0.0
vicente_pires,2023-12-24,1.4872408,0.0
vicente_pires,2023-12-25,2.0993695,0.0
vicente_pires,2023-12-26,1.9473205,0.0
vicente_pires,2023-12-27,1.7628322,1.0
vicente_pires,2023-12-28,1.8518903,0.0
vicente_pires,2023-12-29,1.8342767,0.0
vicente_pires,2023-12-30,1.5523789,1.0
vicente_pires,2023-12-31,1.4872408,1.0
vicente_pires,2024-01-01,2.3096375,1.0
vicente_pires,2024-01-02,1.8733376,0.0
vicente_pires,2024-01-03,1.9514145,1.0
vicente_pires,2024-01-04,1.9617655,1.0
vicente_pires,2024-01-05,2.0451083,0.0
vicente_pires,2024-01-06,1.882494,0.0
vicente_pires,2024-01-07,1.7667108,0.0
vicente_pires,2024-01-08,2.4692473,1.0
vicente_pires,2024-01-09,2.038354,1.0
vicente_pires,2024-01-10,2.1317282,0.0
vicente_pires,2024-01-11,2.1189976,0.0
vicente_pires,2024-01-12,2.2164428,3.0
vicente_pires,2024-01-13,2.0084019,1.0
vicente_pires,2024-01-14,1.8425112,0.0
vicente_pires,2024-01-15,2.6614895,0.0
vicente_pires,2024-01-16,2.2941346,2.0
vicente_pires,2024-01-17,2.1584253,3.0
vicente_pires,2024-01-18,2.1456943,2.0
vicente_pires,2024-01-19,2.238047,1.0
vicente_pires,2024-01-20,2.0350978,1.0
vicente_pires,2024-01-21,1.9127941,1.0
vicente_pires,2024-01-22,2.6881866,6.0
vicente_pires,2024-01-23,2.2515087,0.0
vicente_pires,2024-01-24,2.1584253,1.0
vicente_pires,2024-01-25,2.1456943,0.0
vicente_pires,2024-01-26,2.238047,0.0
vicente_pires,2024-01-27,2.0350978,1.0
vicente_pires,2024-01-28,1.9127941,2.0
vicente_pires,2024-01-29,2.6881866,2.0
vicente_pires,2024-01-30,2.2515087,4.0
vicente_pires,2024-01-31,2.1584253,3.0
vicente_pires,2024-02-01,2.0835218,2.0
vicente_pires,2024-02-02,2.1758745,1.0
vicente_pires,2024-02-03,1.9637778,1.0
vicente_pires,2024-02-04,1.7286726,1.0
vicente_pires,2024-02-05,2.4553342,5.0
vicente_pires,2024-02-06,2.1125903,3.0
vicente_pires,2024-02-07,2.0618162,6.0
vicente_pires,2024-02-08,2.0568252,6.0
vicente_pires,2024-02-09,2.1542704,1.0
vicente_pires,2024-02-10,1.9370812,5.0
vicente_pires,2024-02-11,1.7019752,2.0
vicente_pires,2024-02-12,2.428637,2.0
vicente_pires,2024-02-13,2.1552162,2.0
vicente_pires,2024-02-14,2.0669093,8.0
